"POINT(13522091.64 3661169.51)",2629533653,,,,,,,,,,,,,,,,,,,,,,,,,,,,,,,,,,,,,,,,,,,,,,,,,,subway_entrance,1,,,,,,,,,,,,,,,010100002031BF0D0048E17A7495CA694114AE47C1B8EE4B41
"POINT(13522105.37 3661136.07)",2629533658,,,,,,,,,,,,,,,,,,,,,,,,,,,,,,,,,,,,,,,,,,,,,,,,,,subway_entrance,2,,,,,,,,,,,,,,,010100002031BF0D003D0AD72B97CA69418FC2F508A8EE4B41
"POINT(13521998.48 3661146.22)",2629533667,,,,,,,,,,,,,,,,,,,,,,,,,,,,,,,,,,,,,,,,,,,,,,,,,,subway_entrance,6,,,,,,,,,,,,,,,010100002031BF0D00F6285CCF89CA6941C3F5281CADEE4B41
"POINT(13522928.71 3661510.86)",2629537093,,,,,,,,,,,,,,,,,,,,,,,,,,,,,,,,,,,,,,,1,,,,,,,,,,,subway_entrance,1,,,,,,,,,,,,,,,010100002031BF0D00EC51B816FECA6941E17A146E63EF4B41
"POINT(13522856.34 3661507.09)",2629537094,,,,,,,,,,,,,,,,,,,,,,,,,,,,,,,,,,,,,,,5,,,,,,,,,,,subway_entrance,5,,,,,,,,,,,,,,,010100002031BF0D00AE47E10AF5CA6941B81E858B61EF4B41
"POINT(13522914.31 3661418.61)",2629537095,,,,,,,,,,,,,,,,,,,,,,,,,,,,,,,,,,,,,,,4,,,,,,,,,,,subway_entrance,4,,,,,,,,,,,,,,,010100002031BF0D001F85EB49FCCA6941E17A144E35EF4B41
"POINT(13522921.85 3661404.2)",2629537096,,,,,,,,,,,,,,,,,,,,,,,,,,,,,,,,,,,,,,,3,,,,,,,,,,,subway_entrance,4,,,,,,,,,,,,,,,010100002031BF0D003333333BFDCA69419A9999192EEF4B41
"POINT(13522967.46 3661443.64)",2629537097,,,,,,,,,,,,,,,,,,,,,,,,,,,,,,,,,,,,,,,,,,,,,,,,,,subway_entrance,8,,,,,,,,,,,,,,,010100002031BF0D00EC51B8EE02CB69411F85EBD141EF4B41
"POINT(13523096.08 3661463.2)",2629537098,,,,,,,,,,,,,,,,,,,,,,,,,,,,,,,,,,,,,,,,,,,,,,,,,,subway_entrance,7,,,,,,,,,,,,,,,010100002031BF0D00295C8F0213CB69419A9999994BEF4B41
"POINT(13523086.82 3661554.42)",2629537099,,,,,,,,,,,,,,,,,,,,,,,,,,,,,,,,,,,,,,,6,,,,,,,,,,,subway_entrance,6,,,,,,,,,,,,,,,010100002031BF0D00A4703DDA11CB69415C8FC23579EF4B41
"POINT(13524134.75 3662023.35)",2902243809,,,,,,,,bank,,,,,,,,,,,,,,,,,,,,,,,,,,,,,,,,,,,,,,,,,,,,,,,,,,,,,,,,,"""atm""=>""yes""",010100002031BF0D00000000D894CB6941CDCCCCAC63F04B41
"POINT(13523425.24 3663226.59)",2995260618,,,,,,,,,,,,,,,,,,,,,,,,,,,,,,,,,,,,,,,"Westin Hotel",,,,,,,,,,,,,,,,,,,,hotel,,,,,,,010100002031BF0D007B14AE273CCB6941B81E854BBDF24B41
"POINT(13522376.48 3661493.37)",3027181885,,,,,,,,,,,,,,,,,,,,,,,,,,,crossing,,,,,,,,,,,,,,,,,,,,,,,,,,,,,,,,,,,,,,,010100002031BF0D00F6285C0FB9CA6941F6285CAF5AEF4B41
"POINT(13522451.63 3661542.76)",3027181886,,,,,,,,,,,,,,,,,,,,,,,,,,,crossing,,,,,,,,,,,,,,,,,,,,,,,,,,,,,,,,,,,,,,,010100002031BF0D00C3F52874C2CA694114AE476173EF4B41
"POINT(13523274.67 3663382.14)",3041603576,,,,,,,,,,,,,,,,,,,,,,,,,,,bus_stop,,,,,,,,,,,,河南中路延安东路,,,,,,,,,,,,,,,,,,,,,,,,,,"""local_ref""=>""河南中路延安东路""",010100002031BF0D00D7A3705529CB69411F85EB110BF34B41
"POINT(13523277.86 3663201.56)",3041604496,,,,,,,,,,,,,,,,,,,,,,,,,,,bus_stop,,,,,,,,,,,,河南中路延安东路,,,,,,,,,,,,,,,,,,,,,,,,,,"""local_ref""=>""河南中路延安东路""",010100002031BF0D00B81E85BB29CB69417B14AEC7B0F24B41
"POINT(13524675.6 3661208.11)",3047841033,,,,,,,,,,,,,,,,,,,,,,,,,,,,,,,,,,,,,,,,,,,,,,,,,,subway_entrance,1,,,,,,,,,,,,,,,010100002031BF0D0033333373D8CB6941E17A140ECCEE4B41
"POINT(13524658.88 3661147.2)",3047841133,,,,,,,,,,,,,,,,,,,,,,,,,,,,,,,,,,,,,,,,,,,,,,,,,,subway_entrance,2,,,,,,,,,,,,,,,010100002031BF0D00C3F5285CD6CB69419A999999ADEE4B41
"POINT(13524637.38 3661265.44)",3047841233,,,,,,,,,,,,,,,,,,,,,,,,,,,,,,,,,,,,,,,,,,,,,,,,,,subway_entrance,4,,,,,,,,,,,,,,,010100002031BF0D00C3F528ACD3CB694185EB51B8E8EE4B41
"POINT(13522194 3663192.03)",3047854933,,,,,,,,,,,,,,,,,,,,,,,,,,,,,,,,,,,,,,,,,,,,,,,,,,subway_entrance,15,,,,,,,,,,,,,,,010100002031BF0D0000000040A2CA69413D0AD703ACF24B41
"POINT(13521931.6 3661995.7)",3053401337,,,,,,,,,,,,,,,,,,,,,,,,,,,,,,,,,,,,,,,,,,,,,,,,,,subway_entrance,2,,,,,,,,,,,,,,,010100002031BF0D003333337381CA69419A9999D955F04B41
"POINT(13521826.49 3661993.9)",3053426934,,,,,,,,,,,,,,,,,,,,,,,,,,,,,,,,,,,,,,,,,,,,,,,,,,subway_entrance,3,,,,,,,,,,,,,,,010100002031BF0D007B14AE4F74CA6941333333F354F04B41
"POINT(13521756.63 3661904.93)",3053456433,,,,,,,,,,,,,,,,,,,,,,,,,,,,,,,,,,,,,,,,,,,,,,,,,,subway_entrance,1,,,,,,,,,,,,,,,010100002031BF0D00C3F528946BCA6941713D0A7728F04B41
"POINT(13526601.43 3663275.88)",3080460634,,,,,,,,,,,,,,,,,,,,,,,,,,,,,,,,,,,,,,,,,,,,,,,,,,subway_entrance,3,,,,,,,,,,,,,,,010100002031BF0D005C8FC22DC9CC69410AD7A3F0D5F24B41
"POINT(13526448.56 3663351.11)",3080482634,,,,,,,,,,,,,,,,,,,,,,,,,,,,,,,,,,,,,,,,,,,,,,,,,,subway_entrance,4,,,,,,,,,,,,,,,010100002031BF0D001F85EB11B6CC6941E17A148EFBF24B41
"POINT(13526649.2 3663384.56)",3080494133,,,,,,,,,,,,,,,,,,,,,,,,,,,,,,,,,,,,,,,,,,,,,,,,,,subway_entrance,2,,,,,,,,,,,,,,,010100002031BF0D0066666626CFCC69417B14AE470CF34B41
"POINT(13526470.05 3663441.88)",3080494433,,,,,,,,,,,,,,,,,,,,,,,,,,,,,,,,,,,,,,,,,,,,,,,,,,subway_entrance,1,,,,,,,,,,,,,,,010100002031BF0D009A9999C1B8CC69410AD7A3F028F34B41
"POINT(13522888.52 3660562.72)",3100342678,,,,,,,,hospital,,,,,,,,,,,,,,,,,,,,,,,,,,,,,,,复旦大学附属妇产科医院,,,,,,,,,,,,,,,,,,,,,,,,,,,010100002031BF0D000AD7A310F9CA6941C3F5285C89ED4B41
"POINT(13522636.4 3662084.26)",3105898656,,,98,,,,,,,,,,,,,,,,,,,,,,,,,,,,,,,,,,,,"Fraser Residence Shanghai",,,,,,,,,,,,,,,,,,,,hotel,,,,,,"""website""=>""http://shanghai.fraserhospitality.com"", ""addr:street""=>""Shou Ning Road"", ""addr:postcode""=>""200021""",010100002031BF0D00CDCCCC8CD9CA694114AE472182F04B41
"POINT(13522609.17 3662184.56)",3109228377,,,,,,,,cafe,,,,,,,,,,,,,,,,,,,,,,,,,,,,,,,Starbucks,,,,,,,,,,,,,,,,,,,,,,,,,,,010100002031BF0D00D7A37025D6CA69417B14AE47B4F04B41
"POINT(13522368.17 3662243.23)",3109231186,,,,,,,,fast_food,,,,,,,,,,,,,,,,,,,,,,,,,,,,,,,McDonald's,,,,,,,,,,,,,,,,,,,,,,,,,,,010100002031BF0D00D7A37005B8CA6941D7A3709DD1F04B41
"POINT(13522387.5 3662194.63)",3109231187,,,,,,,,,,,,,,,,,,,,,,,,,,,,,,,,,-1,,,,,,,,,,,,,,,,,,,,,,supermarket,,,,,,,,,,,010100002031BF0D0000000070BACA69410AD7A350B9F04B41
"POINT(13522232.33 3662826.64)",3110932576,,,,,,,,police,,,,,,,,,,,,,,,,,,,,,,,,,,,,,,,,,,,,,,,,,,,,,,,,,,,,,,,,,,010100002031BF0D00295C8F0AA7CA69411F85EB51F5F14B41
"POINT(13522198.47 3661467.96)",3113821584,,,,,,,,toilets,,,,,,,,,,,,,,,,,,,,,,,,,,,,,,,,,,,,,,,,,,,,,,,,,,,,,,,,,,010100002031BF0D00713D0ACFA2CA6941AE47E1FA4DEF4B41
"POINT(13523271.5 3660633.2)",3114664536,,,,,,,,,,,,,,,,,,,,,,,,,,,,,,,,,,,,,,,,,,,,,,,,,,subway_entrance,1,,,,,,,,,,,,,,,010100002031BF0D00000000F028CB69419A999999ACED4B41
"POINT(13522499.95 3662456.94)",3114664748,,,,,,,,,,,,,,,,,,,,,,,,,,,,,,,,,,,,,,,,,,,,,,,,,,subway_entrance,3,,,,,,,,,,,,,,,010100002031BF0D006666667EC8CA694185EB51783CF14B41
"POINT(13522975.3 3661420.27)",3114681132,,,,,,,,,,,,,,,,,,,,,,,,,,,,,,,,,,,,,,,,,,,,,,,,,,subway_entrance,2,,,,,,,,,,,,,,,010100002031BF0D009A9999E903CB6941295C8F2236EF4B41
"POINT(13522446.21 3662593.1)",3114683434,,,,,,,,,,,,,,,,,,,,,,,,,,,,,,,,,,,,,,,,,,,,,,,,,,subway_entrance,4,,,,,,,,,,,,,,,010100002031BF0D00EC51B8C6C1CA6941CDCCCC8C80F14B41
"POINT(13522553.7 3662605.03)",3114688337,,,,,,,,,,,,,,,,,,,,,,,,,,,,,,,,,,,,,,,,,,,,,,,,,,subway_entrance,1,,,,,,,,,,,,,,,010100002031BF0D0066666636CFCA69413D0AD78386F14B41
"POINT(13526568.58 3662963.1)",3114711936,,,,,,,,,,,,,,,,,,,,,,,,,,,,,,,,,,,,,,,,,,,,,,,,,,subway_entrance,4,,,,,,,,,,,,,,,010100002031BF0D00295C8F12C5CC6941CDCCCC8C39F24B41
"POINT(13523271.5 3660633.2)",3114730331,,,,,,,,,,,,,,,,,,,,,,,,,,,,,,,,,,,,,,,,,,,,,,,,,,subway_entrance,1,,,,,,,,,,,,,,,010100002031BF0D00000000F028CB69419A999999ACED4B41
"POINT(13526716.67 3663015.65)",3114739629,,,,,,,,,,,,,,,,,,,,,,,,,,,,,,,,,,,,,,,,,,,,,,,,,,subway_entrance,1,,,,,,,,,,,,,,,010100002031BF0D00D7A37095D7CC6941333333D353F24B41
"POINT(13522577.46 3662504.66)",3117888992,,,,,,,,cafe,,,,,,,,,,,,,,,,,,,,,,,,,,,,,,,Starbucks,,,,,,,,,,,,,,,,,,,,,,,,,,,010100002031BF0D00EC51B82ED2CA694148E17A5454F14B41
"POINT(13521995.45 3663340.59)",3118084312,,,,,,,,cafe,,,,,,,,,,,,,,,,,,,,,,,,,,,,,,,Starbucks,,,,,,,,,,,,,,,,,,,,,,,,,,,010100002031BF0D006666666E89CA6941B81E854BF6F24B41
"POINT(13521726.18 3662583.76)",71127847,,,,,,,,,,,,,,,,,,,,,,,,,,,traffic_signals,,,,,,,,,,,,,,,,,,,,,,,,,,,,,,,,,,,,,,,010100002031BF0D005C8FC2C567CA694114AE47E17BF14B41
"POINT(13523838.97 3663491.79)",75349972,,,,,,,,,,,,,,,,,,,,,,,,,,,traffic_signals,,,,,,,,,,,,,,,,,,,,,,,,,,,,,,,,,,,,,,,010100002031BF0D00713D0ADF6FCB694152B81EE541F34B41
"POINT(13521575.27 3661014.66)",76482084,,,,,,,,,,,,,,,,,,,,,,,,,,,traffic_signals,,,,,,,,,,,,,,,,,,,,,,,,,,,,,,,,,,,,,,,010100002031BF0D000AD7A3E854CA694148E17A546BEE4B41
"POINT(13521203.83 3660981.22)",76482203,,,,,,,,,,,,,,,,,,,,,,,,,,,traffic_signals,,,,,,,,,,,,,,,,,,,,,,,,,,,,,,,,,,,,,,,010100002031BF0D00295C8F7A26CA6941C3F5289C5AEE4B41
"POINT(13521966.84 3662022.26)",85010431,,,,,,,,,,,,,,,,,,,,,,,,,,,traffic_signals,,,,,,,,,,,,,,,,,,,,,,,,,,,,,,,,,,,,,,,010100002031BF0D00AE47E1DA85CA694114AE472163F04B41
"POINT(13521926.54 3661763.58)",85011021,,,,,,,,,,,,,,,,,,,,,,,,,,,traffic_signals,,,,,,,,,,,,,,,,,,,,,,,,,,,,,,,,,,,,,,,010100002031BF0D0014AE47D180CA6941A4703DCAE1EF4B41
"POINT(13522056.17 3661818.78)",85011298,,,,,,,,,,,,,,,,,,,,,,,,,,,traffic_signals,,,,,,,,,,,,,,,,,,,,,,,,,,,,,,,,,,,,,,,010100002031BF0D00D7A3700591CA69413D0AD763FDEF4B41
"POINT(13522080.2 3661694.45)",85509263,,,,,,,,,,,,,,,,,,,,,,,,,,,traffic_signals,,,,,,,,,,,,,,,,,,,,,,,,,,,,,,,,,,,,,,,010100002031BF0D006666660694CA69419A999939BFEF4B41
"POINT(13521909.59 3662160.88)",87752549,,,,,,,,,,,,,,,,,,,,,,,,,,,traffic_signals,,,,,,,,,,,,,,,,,,,,,,,,,,,,,,,,,,,,,,,010100002031BF0D00AE47E1B27ECA69410AD7A370A8F04B41
"POINT(13522243.91 3661651.93)",93246158,,,,,,,,,,,,,,,,,,,,,,,,,,,crossing,,,,,,,,,,,,,,,,,,,,,,,,,,,,,,,,,,,,,,,010100002031BF0D0052B81E7DA8CA6941713D0AF7A9EF4B41
"POINT(13522297.05 3661622.7)",93246167,,,,,,,,,,,,,,,,,,,,,,,,,,,traffic_signals,,,,,,,,,,,,,,,,,,,,,,,,,,,,,,,,,,,,,,,010100002031BF0D009A999921AFCA69419A9999599BEF4B41
"POINT(13522439.38 3661629.83)",93246191,,,,,,,,,,,,,,,,,,,,,,,,,,,traffic_signals,,,,,,,,,,,,,,,,,,,,,,,,,,,,,,,,,,,,,,,010100002031BF0D00C3F528ECC0CA6941A4703DEA9EEF4B41
"POINT(13521890.3 3661856.48)",93246664,,,,,,,,,,,,,,,,,,,,,,,,,,,traffic_signals,,,,,,,,,,,,,,,,,,,,,,,,,,,,,,,,,,,,,,,010100002031BF0D009A9999497CCA6941D7A3703D10F04B41
"POINT(13522020.39 3661906.5)",93246685,,,,,,,,,,,,,,,,,,,,,,,,,,,traffic_signals,,,,,,,,,,,,,,,,,,,,,,,,,,,,,,,,,,,,,,,010100002031BF0D0048E17A8C8CCA69410000004029F04B41
"POINT(13521847.35 3661970.43)",93246696,,,,,,,,,,,,,,,,,,,,,,,,,,,traffic_signals,,,,,,,,,,,,,,,,,,,,,,,,,,,,,,,,,,,,,,,010100002031BF0D00333333EB76CA6941713D0A3749F04B41
"POINT(13522610.08 3661612)",93310009,,,,,,,,,,,,,,,,,,,,,,,,,,,traffic_signals,,,,,,,,,,,,,,,,,,,,,,,,,,,,,,,,,,,,,,,010100002031BF0D00295C8F42D6CA69410000000096EF4B41
"POINT(13523689.81 3661841.4)",93332044,,,,,,,,,,,,,,,,,,,,,,,,,,,traffic_signals,,,,,,,,,,,,,,,,,,,,,,,,,,,,,,,,,,,,,,,010100002031BF0D001F85EB395DCB6941333333B308F04B41
"POINT(13523704.82 3661844.94)",93332051,,,,,,,,,,,,,,,,,,,,,,,,,,,traffic_signals,,,,,,,,,,,,,,,,,,,,,,,,,,,,,,,,,,,,,,,010100002031BF0D00A4703D1A5FCB694185EB51780AF04B41
"POINT(13523699.99 3661855.4)",93332110,,,,,,,,,,,,,,,,,,,,,,,,,,,traffic_signals,,,,,,,,,,,,,,,,,,,,,,,,,,,,,,,,,,,,,,,010100002031BF0D007B14AE7F5ECB6941333333B30FF04B41
"POINT(13523685.66 3661851.53)",93332133,,,,,,,,,,,,,,,,,,,,,,,,,,,traffic_signals,,,,,,,,,,,,,,,,,,,,,,,,,,,,,,,,,,,,,,,010100002031BF0D0052B81EB55CCB69413D0AD7C30DF04B41
"POINT(13521647.31 3661377.92)",95370953,,,,,,,,,,,,,,,,,,,,,,,,,,,motorway_junction,,,,,,,,,,,,淮海中路,,,,,,,,,,,,,,,,,,,,,,,,,,"""name:en""=>""Huaihai Road (Middle)""",010100002031BF0D001F85EBE95DCA69415C8FC2F520EF4B41
"POINT(13523464.64 3663345.4)",95386499,,,,,,,,,,,,,,,,,,,,,,,,,,,traffic_signals,,,,,,,,,,,,,,,,,,,,,,,,,,,,,,,,,,,,,,,010100002031BF0D0048E17A1441CB6941333333B3F8F24B41
"POINT(13523638.83 3663418.57)",95386562,,,,,,,,,,,,,,,,,,,,,,,,,,,traffic_signals,,,,,,,,,,,,,,,,,,,,,,,,,,,,,,,,,,,,,,,010100002031BF0D00295C8FDA56CB69418FC2F5481DF34B41
"POINT(13524059.94 3663187.71)",103764778,,,,,,,,,,,,,,,,,,,,,,,,,,,traffic_signals,,,,,,,,,,,,,,,,,,,,,,,,,,,,,,,,,,,,,,,010100002031BF0D00E17A147E8BCB6941AE47E1DAA9F24B41
"POINT(13524044.13 3663175.06)",103764845,,,,,,,,,,,,,,,,,,,,,,,,,,,traffic_signals,,,,,,,,,,,,,,,,,,,,,,,,,,,,,,,,,,,,,,,010100002031BF0D00C3F5288489CB69417B14AE87A3F24B41
"POINT(13523584.27 3663604.29)",103788196,,,,,,,,,,,,,,,,,,,,,,,,,,,traffic_signals,,,,,,,,,,,,,,,,,,,,,,,,,,,,,,,,,,,,,,,010100002031BF0D000AD7A30850CB694152B81E257AF34B41
"POINT(13522629.93 3662356.5)",152878617,,,,,,,,,,,,,,,,,,,,,,,,,,,traffic_signals,,,,,,,,,,,,,,,,,,,,,,,,,,,,,,,,,,,,,,,010100002031BF0D005C8FC2BDD8CA6941000000400AF14B41
"POINT(13523076.6 3663122.88)",244080687,,,,,,,,,,,,,,,,,,,,,,,,,,,,,,,,,,,,,,,黄浦区,,,,,suburb,,,,,,,,,,,,,,,,,,,,,"""gns:DSG""=>""ADM3"", ""gns:UFI""=>""-1910407"", ""gns:UNI""=>""6719592"", ""name:en""=>""Huangpu District"", ""name:vi""=>""Hoàng Phố"", ""name:zh""=>""黄浦区"", ""gns:ADM1""=>""23""",010100002031BF0D003333339310CB69410AD7A37089F24B41
"POINT(13521886.69 3662951.16)",244081648,,,,,,,,,,,,,,,,,,,,,,,,,,,,,,,,,,,,,,,上海市,,,,,state,,15550000,,,,,沪,,,,,,,,,,,,,,"""ref:en""=>""SH"", ""ref:vi""=>""Hỗ"", ""gns:DSG""=>""ADM1"", ""gns:UFI""=>""-1924470"", ""gns:UNI""=>""9309919"", ""name:af""=>""Sjanghai"", ""name:cs""=>""Šanghaj"", ""name:da""=>""Shanghai"", ""name:de""=>""Shànghǎi"", ""name:en""=>""Shanghai"", ""name:es""=>""Shanghái"", ""name:fr""=>""Shànghǎi"", ""name:he""=>""שאנגחאי"", ""name:lt""=>""Šanchajus"", ""name:pl""=>""Szanghaj"", ""name:ru""=>""Шанхай"", ""name:sk""=>""Šanghaj"", ""name:uk""=>""Шанхай"", ""name:vi""=>""Thượng Hải"", ""gns:ADM1""=>""23"", ""int_name""=>""Shanghai"", ""wikipedia""=>""en:Shanghai"", ""is_in:country""=>""China"", ""is_in:continent""=>""Asia"", ""is_in:country_code""=>""CN""",010100002031BF0D00E17A14D67BCA694148E17A9433F24B41
"POINT(13522071.41 3661615.08)",257067132,,,,,,,,,,,,,,,,,,,,,,,,,,,,,,,,,,,,,,,,,,,,,,,,,,,,,,,,,,,museum,,,,,,"""name:en""=>""Seat of the First Congress of the Chinese Communist Party""",010100002031BF0D0052B81EED92CA6941A4703D8A97EF4B41
"POINT(13522396.47 3663213.15)",267194982,,,,,,,,,,,,,,,,,,,,,,,,,,,traffic_signals,,,,,,,,,,,,,,,,,,,,,,,,,,,,,,,,,,,,,,,010100002031BF0D00713D0A8FBBCA694133333393B6F24B41
"POINT(13522147.78 3663281.94)",267195089,,,,,,,,cinema,,,,,,,,,,,,,,,,,,,,,,,,,,,,,,,和平电影院,,,,,,,,,,,,,,,,,,,,,,,,,,"""name:en""=>""Peace Cinema""",010100002031BF0D008FC2F5789CCA694185EB51F8D8F24B41
"POINT(13521658.59 3662659.65)",267195150,,,,,,,,,,,,,,,,,,,,,,,,,,,traffic_signals,,,,,,,,,,,,,,,,,,,,,,,,,,,,,,,,,,,,,,,010100002031BF0D00AE47E1525FCA6941333333D3A1F14B41
"POINT(13522325.16 3663181.41)",267198210,,,,,,,,,,,,,,,,,,,,,,,,,,,traffic_signals,,,,,,,,,,,,,,,,,,,,,,,,,,,,,,,,,,,,,,,010100002031BF0D0052B81EA5B2CA694148E17AB4A6F24B41
"POINT(13522698.9 3663044.41)",267198545,,,,,,,,,,,,,,,,,,,,,,,,,,,traffic_signals,,,,,,,,,,,,,,,,,,,,,,,,,,,,,,,,,,,,,,,010100002031BF0D00CDCCCC5CE1CA694148E17A3462F24B41
"POINT(13522150.42 3663215.92)",301638556,,,,,,,,,,,,,,,,,,,,,,,,,,,,,,,,,,,,,,,人民广场,,,,,,,,,,,station,,,,,,,,,,,,,,,"""name:en""=>""People's Square""",010100002031BF0D00D7A370CD9CCA69415C8FC2F5B7F24B41
"POINT(13522530.24 3662545.46)",301638561,,,,,,,,,,,,,,,,,,,,,,,,,,,,,,,,,,,,,,,大世界,,,,,,,,,,,station,,,,,,,,,,,,,,,"""name:en""=>""Dashijie""",010100002031BF0D007B14AE47CCCA6941AE47E1BA68F14B41
"POINT(13522933.45 3661448.6)",301639388,,,,,,,,,,,,,,,,,,,,,,,,,,,,,,,,,,,,,,,老西门,,,,,,,,,,,station,,,,,,,,,,,,,,,"""name:en""=>""Laoximen""",010100002031BF0D00666666AEFECA6941CDCCCC4C44EF4B41
"POINT(13523255.89 3660561.65)",301639398,,,,,,,,,,,,,,,,,,,,,,,,,,,,,,,,,,,,,,,陆家浜路,,,,,,,,,,,station,,,,,,,,,,,,,,,"""name:en""=>""Lujiabang Road""",010100002031BF0D0048E17AFC26CB6941333333D388ED4B41
"POINT(13523003.93 3661825.14)",385113763,,,,,,,,,,,,,,,,,,,,,,,,,,,traffic_signals,,,,,,,,,,,,,,,,,,,,,,,,,,,,,,,,,,,,,,,010100002031BF0D005C8FC27D07CB69411F85EB9100F04B41
"POINT(13524895.89 3662346.26)",468712503,,,,,,,,,,,,,,,,,,,,,,,,,,,,,,,,,,,,,,,十六铺,,,,,locality,,,,,,,,,,,,,,,,,,,,,,010100002031BF0D0048E17AFCF3CB694114AE472105F14B41
"POINT(13521824.27 3663358.63)",468916452,,,,,,,,,,,,,,,,,,,,,,,,,,,,,,,,,,,,,,,人民广场,,,,,,,,,,,station,,,,,,,,,,,,,,,"""name:en""=>""People's Square""",010100002031BF0D000AD7A30874CA69410AD7A350FFF24B41
"POINT(13522117.64 3663199.38)",469787957,,,,,,,,,,,,,,,,,,,,,,,,,,,,,,,,,,,,,,,人民广场,,,,,,,,,,,station,,,,,,,,,,,,,,,"""name:en""=>""People's Square""",010100002031BF0D0048E17AB498CA69410AD7A3B0AFF24B41
"POINT(13521904.93 3661997.55)",471016169,,,,,,,,,,,,,,,,,,,,,,,,,,,,,,,,,,,,,,,黄陂南路,,,,,,,,,,,station,,,,,,,,,,,,,,,"""name:en""=>""South Huangpi Road""",010100002031BF0D005C8FC21D7ECA6941666666C656F04B41
"POINT(13526573.72 3663341.41)",471016654,,,,,,,,,,,,,,,,,,,,,,,,,,,,,,,,,,,,,,,东昌路,,,,,,,,,,,station,,,,,,,,,,,,,,,"""name:en""=>""Dongchang Road""",010100002031BF0D00713D0AB7C5CC694148E17AB4F6F24B41
"POINT(13523220.1 3660544.79)",471988294,,,,,,,,,,,,,,,,,,,,,,,,,,,,,,,,,,,,,,,陆家浜路,,,,,,,,,,,station,,,,,,,,,,,,,,,"""name:en""=>""Lujiabang Road""",010100002031BF0D003333338322CB694152B81E6580ED4B41
"POINT(13522911.42 3661449.79)",472368139,,,,,,,,,,,,,,,,,,,,,,,,,,,,,,,,,,,,,,,老西门,,,,,,,,,,,station,,,,,,,,,,,,,,,"""name:en""=>""Laoximen""",010100002031BF0D00D7A370EDFBCA694152B81EE544EF4B41
"POINT(13524161.23 3663038.02)",476078722,,,,,,,,,,,,,,,,,,,,,,,,,,,traffic_signals,,,,,,,,,,,,,,,,,,,,,,,,,,,,,,,,,,,,,,,010100002031BF0D00F6285C2798CB6941295C8F025FF24B41
"POINT(13524178.8 3663051.39)",476078723,,,,,,,,,,,,,,,,,,,,,,,,,,,traffic_signals,,,,,,,,,,,,,,,,,,,,,,,,,,,,,,,,,,,,,,,010100002031BF0D009A9999599ACB69411F85EBB165F24B41
"POINT(13523792.62 3663533.9)",476149638,,,,,,,,,,,,,,,,,,,,,,,,,,,,heritage,,,,,,,,,,,中国通商银行大楼,,,,,,,,,,,,,,,,,,,,attraction,,,,,,"""name:en""=>""China Merchants Bank Building""",010100002031BF0D003D0AD7136ACB6941333333F356F34B41
"POINT(13523769.32 3663580.19)",476151005,,,,,,,,,,,,,,,,,,,,,,,,,,,,heritage,,,,,,,,,,,电报大楼,,,,,,,,,,,,,,,,,,,,attraction,,,,,,"""name:en""=>""Great Northern Telegraph Corporation Building""",010100002031BF0D00A4703D2A67CB694185EB51186EF34B41
"POINT(13523753.49 3663616.97)",476151155,,,,,,,,,,,,,,,,,,,,,,,,,,,,heritage,,,,,,,,,,,旗昌洋行大楼,,,,,,,,,,,,,,,,,,,,attraction,,,,,,"""built""=>""1901"", ""name:en""=>""Russel & Co. Building""",010100002031BF0D007B14AE2F65CB6941C3F5287C80F34B41
"POINT(13523811.11 3663502.62)",476151248,,,,,,,,,,,,,,,,,,,,,,,,,,,,heritage,,,,,,,,,,,日清大楼,,,,,,,,,,,,,,,,,,,,attraction,,,,,,"""name:en""=>""Nissin Building""",010100002031BF0D00B81E85636CCB6941F6285C4F47F34B41
"POINT(13523840.36 3663459.33)",476151320,,,,,,,,,,,,,,,,,,,,,,,,,,,,heritage,,,,,,,,,,,有利大楼,,,,,,,,,,,,,,,,,,,,attraction,,,,,,"""name:en""=>""Union Building""",010100002031BF0D00B81E850B70CB6941A4703DAA31F34B41
"POINT(13523858.31 3663418.36)",476151413,,,,,,,,,,,,,,,,,,,,,,,,,,,,heritage,,,,,,,,,,,上海总会大楼,,,,,,,,,,,,,,,,,,,,attraction,,,,,,"""name:en""=>""Shanghai Club""",010100002031BF0D001F85EB4972CB6941E17A142E1DF34B41
"POINT(13523872.64 3663375.36)",476151449,,,,,,,,,,,,,,,,,,,,,,,,,,,,heritage,,,,,,,,,,,亚细亚大楼,,,,,,,,,,,,,,,,,,,,attraction,,,,,,"""name:en""=>""Asia Building""",010100002031BF0D0048E17A1474CB6941E17A14AE07F34B41
"POINT(13523145.97 3661493.07)",476560259,,,,,,,,,,,,,,,,,,,,,,,,,,,traffic_signals,,,,,,,,,,,,,,,,,,,,,,,,,,,,,,,,,,,,,,,010100002031BF0D00713D0A3F19CB69418FC2F5885AEF4B41
"POINT(13522213.34 3663080.4)",476675164,,,,,,,,,,,,,,,,,,,,,,,,,,,traffic_signals,,,,,,,,,,,,,,,,,,,,,,,,,,,,,,,,,,,,,,,010100002031BF0D00AE47E1AAA4CA69413333333374F24B41
"POINT(13522203.81 3663094.38)",476675195,,,,,,,,,,,,,,,,,,,,,,,,,,,traffic_signals,,,,,,,,,,,,,,,,,,,,,,,,,,,,,,,,,,,,,,,010100002031BF0D001F85EB79A3CA69410AD7A3307BF24B41
"POINT(13521651.41 3662671.51)",476675200,,,,,,,,,,,,,,,,,,,,,,,,,,,traffic_signals,,,,,,,,,,,,,,,,,,,,,,,,,,,,,,,,,,,,,,,010100002031BF0D0052B81E6D5ECA694114AE47C1A7F14B41
"POINT(13522073.6 3663231.12)",476682315,,,,,,,,toilets,,,,,,,,,,,,,,,,,,,,,,,,,,,,,,,,,,,,,,,,,,,,,,,,,,,,,,,,,,010100002031BF0D003333333393CA6941F6285C8FBFF24B41
"POINT(13521860.53 3663218.7)",476682321,,,,,,,,toilets,,,,,,,,,,,,,,,,,,,,,,,,,,,,,,,,,,,,,,,,,,,,,,,,,,,,,,,,,,010100002031BF0D008FC2F59078CA69419A999959B9F24B41
"POINT(13522239.1 3663599.9)",476779364,,,,,,,,fast_food,,,,,,,,,,,,,,,,,,,,,,,,,,,,,,,"麦当劳 McDonald's",,,,,,,,,,,,,,,,,,,,,,,,,,"""cuisine""=>""burger"", ""name:en""=>""McDonald's""",010100002031BF0D00333333E3A7CA6941333333F377F34B41
"POINT(13522168.91 3663531.98)",476779776,,,,,,,,,,,,,,,,,,,,,,,,,,,,,,,,,,,,,,,世茂皇家艾美酒店,,,,,,,,,,,,,,,,,,,,hotel,,,,,,"""name:en""=>""Le Royal Meridien Shanghai""",010100002031BF0D0052B81E1D9FCA6941D7A370FD55F34B41
"POINT(13522060.84 3663442.47)",476786676,,,,,,,,fast_food,,,,,,,,,,,,,,,,,,,,,,,,,,,,,,,肯德基,,,,,,,,,,,,,,,,,,,,,,,,,,"""name:en""=>""KFC""",010100002031BF0D00AE47E19A91CA6941C3F5283C29F34B41
"POINT(13523356.17 3663024.86)",476792263,,,,,,,,,,,,,,,,,,,,,,,,,,,traffic_signals,,,,,,,,,,,,,,,,,,,,,,,,,,,,,,,,,,,,,,,010100002031BF0D00D7A3708533CB6941E17A146E58F24B41
"POINT(13523526.51 3663125.91)",476792266,,,,,,,,,,,,,,,,,,,,,,,,,,,traffic_signals,,,,,,,,,,,,,,,,,,,,,,,,,,,,,,,,,,,,,,,010100002031BF0D0085EB51D048CB694148E17AF48AF24B41
"POINT(13523703.47 3663237.69)",476794281,,,,,,,,,,,,,,,,,,,,,,,,,,,traffic_signals,,,,,,,,,,,,,,,,,,,,,,,,,,,,,,,,,,,,,,,010100002031BF0D00713D0AEF5ECB694185EB51D8C2F24B41
"POINT(13523322.1 3663068.17)",476794301,,,,,,,,,,,,,,,,,,,,,,,,,,,traffic_signals,,,,,,,,,,,,,,,,,,,,,,,,,,,,,,,,,,,,,,,010100002031BF0D00333333432FCB69415C8FC2156EF24B41
"POINT(13521658.85 3661791.68)",477601189,,,,,,,,,,,,,,,,,,,,,,,,,,,motorway_junction,,,,,,,,,,,,延安高架,,,,,,,,,,,,,,,,,,,,,,,,,,"""name:en""=>""Yan'an Elevated Road""",010100002031BF0D003333335B5FCA6941713D0AD7EFEF4B41
"POINT(13521934.71 3662447.02)",477602810,,,,,,,,,,,,,,,,,,,,,,,,,,,motorway_junction,,,,,,,,,,,,南北高架,,,,,,,,,,,,,,,,,,,,,,,,,,"""name:en""=>""North-South Elevated Road""",010100002031BF0D00EC51B8D681CA6941295C8F8237F14B41
"POINT(13522749.01 3662970.93)",477616429,,,,,,,,,,,,,,,,,,,,,,,,,,,traffic_signals,,,,,,,,,,,,,,,,,,,,,,,,,,,,,,,,,,,,,,,010100002031BF0D0085EB51A0E7CA6941713D0A773DF24B41
"POINT(13522775.55 3662929.55)",477619297,,,,,,,,,,,,,,,,,,,,,,,,,,,traffic_signals,,,,,,,,,,,,,,,,,,,,,,,,,,,,,,,,,,,,,,,010100002031BF0D009A9999F1EACA6941666666C628F24B41
"POINT(13523574.52 3663431.36)",477649286,,,,,,,,hospital,,,,,,,,,,,,,,,,,,,,,,,,,,,,,,,区中心医院,,,,,,,,,,,,,,,,,,,,,,,,,,"""name:en""=>""District Centre Hospital""",010100002031BF0D000AD7A3D04ECB6941E17A14AE23F34B41
"POINT(13523613.69 3663352.04)",477658416,,,,,,,,bank,,,,,,,,,,,,,,,,,,,,,,,,,,,,,,,民生银行,,,,,,,,,,,,,,,,,,,,,,,,,,,010100002031BF0D00E17A14B653CB694152B81E05FCF24B41
"POINT(13523405.43 3663117.97)",477659058,,,,,,,,,,,,,,,,,,,,,,,,,,,,,,,,,,,,,,,上海自然博物馆,,,,,,,,,,,,,,,,,,,,museum,,,,,,"""name:en""=>""Shanghai Natural History Museum""",010100002031BF0D005C8FC2AD39CB6941C3F528FC86F24B41
"POINT(13523332.79 3663533.58)",477659663,,,,,,,,police,,,,,,,,,,,,,,,,,,,,,,,,,,,,,,,市公安局,,,,,,,,,,,,,,,,,,,,,,,,,,"""name:en""=>""Shanghai Police Station""",010100002031BF0D0014AE479930CB6941A4703DCA56F34B41
"POINT(13522953.48 3663471.49)",477660505,,,,,,,,hospital,,,,,,,,,,,,,,,,,,,,,,,,,,,,,,,,,,,,,,,,,,,,,,,,,,,,,,,,,"""name:en""=>""Renji Hospital""",010100002031BF0D00F6285C2F01CB6941EC51B8BE37F34B41
"POINT(13522764.29 3663319.57)",477661623,,,,,,,,,,,,,,,,,,,,,,,,,,,,,,,,,,,,,,,,,,,,,,,,,,,,,,,books,,,,,,,,,,"""name:en""=>""Shanghai Book City""",010100002031BF0D0014AE4789E9CA69418FC2F5C8EBF24B41
"POINT(13521665.5 3663387.42)",477665054,,,,,,,,,,,,,,,,,,,,,,,,,,,,,,,,,,,,,,,"国际饭店 Park Hotel",,,,,,,,,,,,,,,,,,,,hotel,,,,,,"""name:en""=>""Park Hotel""",010100002031BF0D000000003060CA69415C8FC2B50DF34B41
"POINT(13521736.21 3663456.22)",477665151,,,,,,,,,,,,,,,,,,,,,,,,,,,,,,,,,,,,,,,"金门大酒店 Shanghai Pacific",,,,,,,,,,,,,,,,,,,,hotel,,,,,,"""name:en""=>""Shanghai Pacific""",010100002031BF0D00EC51B80669CA6941C3F5281C30F34B41
"POINT(13521888.13 3663405.56)",477665815,,,,,,,,,,,,,,,,,,,,,,,,,,,,,,,,,,,,,,,人民广场地铁站出口6,,,,,,,,,,,subway_entrance,6,,,,,,,,,,,,,,"""name:en""=>""People's Park exit 6""",010100002031BF0D00C3F528047CCA69417B14AEC716F34B41
"POINT(13521895.78 3663456.2)",477665906,,,,,,,,,,,,,,,,,,,,,,,,,,,,,,,,,,,,,,,人民广场地铁站出口7,,,,,,,,,,,subway_entrance,7,,,,,,,,,,,,,,"""name:en""=>""People's Park exit 7""",010100002031BF0D008FC2F5F87CCA69419A99991930F34B41
"POINT(13521939.26 3663408.7)",477666011,,,,,,,,,,,,,,,,,,,,,,,,,,,,,,,,,,,,,,,人民广场地铁站出口5,,,,,,,,,,,subway_entrance,5,,,,,,,,,,,,,,"""name:en""=>""People's Park exit 5""",010100002031BF0D0085EB516882CA69419A99995918F34B41
"POINT(13521650.33 3663241.08)",477666101,,,,,,,,,,,,,,,,,,,,,,,,,,,,,,,,,,,,,,,人民广场地铁站出口10,,,,,,,,,,,subway_entrance,10,,,,,,,,,,,,,,"""name:en""=>""People's Park exit 10""",010100002031BF0D00295C8F4A5ECA6941A4703D8AC4F24B41
"POINT(13521681.06 3663281.37)",477666311,,,,,,,,,,,,,,,,,,,,,,,,,,,,,,,,,,,,,,,人民广场地铁站出口9,,,,,,,,,,,subway_entrance,9,,,,,,,,,,,,,,"""name:en""=>""People's Park exit 9""",010100002031BF0D001F85EB2162CA6941F6285CAFD8F24B41
"POINT(13521844.4 3663337.22)",477666373,,,,,,,,,,,,,,,,,,,,,,,,,,,,,,,,,,,,,,,人民广场地铁站出口12,,,,,,,,,,,subway_entrance,12,,,,,,,,,,,,,,"""name:en""=>""People's Park exit 12""",010100002031BF0D00CDCCCC8C76CA6941C3F5289CF4F24B41
"POINT(13522185.61 3663029.17)",477666637,,,,,,,,,,,,,,,,,,,,,,,,,,,,,,,,,,,,,,,,,,,,,,,,,,subway_entrance,1,,,,,,,,,,,,,,,010100002031BF0D00B81E8533A1CA69415C8FC2955AF24B41
"POINT(13522122.93 3663162.06)",477666889,,,,,,,,,,,,,,,,,,,,,,,,,,,,,,,,,,,,,,,人民广场地铁站出口3,,,,,,,,,,,subway_entrance,3,,,,,,,,,,,,,,"""name:en""=>""People's Park exit 3""",010100002031BF0D005C8FC25D99CA69417B14AE079DF24B41
"POINT(13522707.22 3661386.75)",478373250,,,,,,,,,,,,,,,,,,,,,,,,,,,traffic_signals,,,,,,,,,,,,,,,,,,,,,,,,,,,,,,,,,,,,,,,010100002031BF0D00713D0A67E2CA69410000006025EF4B41
"POINT(13523515.47 3663154.57)",479279454,,,,,,,,,,,,,,,,,,,,,,,,,,,traffic_signals,,,,,,,,,,,,,,,,,,,,,,,,,,,,,,,,,,,,,,,010100002031BF0D00713D0A6F47CB69418FC2F54899F24B41
"POINT(13522927.35 3661470.24)",479297279,,,,,,,,,,,,,,,,,,,,,,,,,,,traffic_signals,,,,,,,,,,,,,,,,,,,,,,,,,,,,,,,,,,,,,,,010100002031BF0D00333333EBFDCA6941EC51B81E4FEF4B41
"POINT(13522540.51 3662308.32)",479299222,,,,,,,,,,,,,,,,,,,,,,,,,,,traffic_signals,,,,,,,,,,,,,,,,,,,,,,,,,,,,,,,,,,,,,,,010100002031BF0D0085EB5190CDCA69418FC2F528F2F04B41
"POINT(13522447.61 3662262.77)",479300368,,,,,,,,,,,,,,,,,,,,,,,,,,,traffic_signals,,,,,,,,,,,,,,,,,,,,,,,,,,,,,,,,,,,,,,,010100002031BF0D00B81E85F3C1CA6941295C8F62DBF04B41
"POINT(13521784.27 3662109.03)",479302758,,,,,,,,,,,,,,,,,,,,,,,,,,,traffic_signals,,,,,,,,,,,,,,,,,,,,,,,,,,,,,,,,,,,,,,,010100002031BF0D000AD7A3086FCA69413D0AD7838EF04B41
"POINT(13522074.77 3662074.5)",479302873,,,,,,,,,,,,,,,,,,,,,,,,,,,traffic_signals,,,,,,,,,,,,,,,,,,,,,,,,,,,,,,,,,,,,,,,010100002031BF0D000AD7A35893CA6941000000407DF04B41
"POINT(13521732.57 3661912.62)",479305380,,,,,,,,,,,,,,,,,,,,,,,,,,,traffic_signals,,,,,,,,,,,,,,,,,,,,,,,,,,,,,,,,,,,,,,,010100002031BF0D00A4703D9268CA6941F6285C4F2CF04B41
"POINT(13521430.52 3662158.37)",479306800,,,,,,,,,,,,,,,,,,,,,,,,,,,traffic_signals,,,,,,,,,,,,,,,,,,,,,,,,,,,,,,,,,,,,,,,010100002031BF0D000AD7A3D042CA6941F6285C2FA7F04B41
"POINT(13521389.49 3662197.84)",479314640,,,,,,,,,,,,,,,,,,,,,,,,,,,traffic_signals,,,,,,,,,,,,,,,,,,,,,,,,,,,,,,,,,,,,,,,010100002031BF0D007B14AEAF3DCA6941B81E85EBBAF04B41
"POINT(13522168.82 3661845.19)",479317539,,,,,,,,,,,,,,,,,,,,,,,,,,,crossing,,,,,,,,,,,,,,,,,,,,,,,,,,,,,,,,,,,,,,,010100002031BF0D00A4703D1A9FCA694185EB51980AF04B41
"POINT(13522571.98 3661707.19)",479319990,,,,,,,,,,,,,,,,,,,,,,,,,,,traffic_signals,,,,,,,,,,,,,,,,,,,,,,,,,,,,,,,,,,,,,,,010100002031BF0D00F6285C7FD1CA694185EB5198C5EF4B41
"POINT(13522380.47 3661801.22)",479322189,,,,,,,,,,,,,,,,,,,,,,,,,,,traffic_signals,,,,,,,,,,,,,,,,,,,,,,,,,,,,,,,,,,,,,,,010100002031BF0D00713D0A8FB9CA6941C3F5289CF4EF4B41
"POINT(13522985.43 3662840.7)",479994667,,,,,,,,police,,,,,,,,,,,,,,,,,,,,,,,,,,,,,,,"金陵东路 Jinling Donglu",,,,,,,,,,,,,,,,,,,,,,,,,,,010100002031BF0D005C8FC22D05CB69419A999959FCF14B41
"POINT(13524118.33 3662349.76)",481431000,,,,,,,,post_office,,,,,,,,,,,,,,,,,,,,,,,,,,,,,,,,,,,,,,,,,,,,,,,,,,,,,,,,,,010100002031BF0D00295C8FCA92CB694114AE47E106F14B41
"POINT(13524940.3 3662329.22)",481497486,,,,,,,,,,,,,,,,,,,,,,,,,,,bus_stop,,,,,,,,,,,,十六铺,,,,,,,,,,,,,,,,,,,,,,,,,,"""name:en""=>""Shiliupu""",010100002031BF0D009A999989F9CB6941C3F5289CFCF04B41
"POINT(13522933.39 3661457.23)",482732933,,,,,,,,,,,,,,,,,,,,,,,,,,,traffic_signals,,,,,,,,,,,,,,,,,,,,,,,,,,,,,,,,,,,,,,,010100002031BF0D0048E17AACFECA6941D7A3709D48EF4B41
"POINT(13522158.88 3661843.37)",483115423,,,,,,,,,,,,,,,,,,,,,,,,,,,traffic_signals,,,,,,,,,,,,,,,,,,,,,,,,,,,,,,,,,,,,,,,010100002031BF0D00C3F528DC9DCA6941F6285CAF09F04B41
"POINT(13522122.1 3661945.96)",483122140,,,,,,,,,,,,,,,,,,,,,,,,,,,traffic_signals,,,,,,,,,,,,,,,,,,,,,,,,,,,,,,,,,,,,,,,010100002031BF0D003333334399CA6941AE47E1FA3CF04B41
"POINT(13521752.03 3661805.46)",483122165,,,,,,,,,,,,,,,,,,,,,,,,,,,traffic_signals,,,,,,,,,,,,,,,,,,,,,,,,,,,,,,,,,,,,,,,010100002031BF0D008FC2F5006BCA6941AE47E1BAF6EF4B41
"POINT(13522195.03 3662136.1)",486131798,,,,,,,,,,,,,,,,,,,,,,,,,,,traffic_signals,,,,,,,,,,,,,,,,,,,,,,,,,,,,,,,,,,,,,,,010100002031BF0D008FC2F560A2CA6941CDCCCC0C9CF04B41
"POINT(13521536.67 3661022.3)",486179370,,,,,,,,,,,,,,,,,,,,,,,,,,,traffic_signals,,,,,,,,,,,,,,,,,,,,,,,,,,,,,,,,,,,,,,,010100002031BF0D00D7A3701550CA6941666666266FEE4B41
"POINT(13523054.66 3661627.42)",486219745,,,,,,,,,,,,,,,,,,,,,,,,,,,bus_stop,,,,,,,,,,,,"老西门 Laoximen",,,,,,,,,,,,,,,,,,,,,,,,,,"""name:en""=>""Laoximen""",010100002031BF0D0052B81ED50DCB69415C8FC2B59DEF4B41
"POINT(13525192.32 3662871.35)",530695728,,,,,,,,ferry_terminal,,,,,,,,,,,,,,,,,,,,,,,,,,,,,,,东昌路,,,,,,,,,,,,,,,,,,,,,,,,,,"""name:en""=>""Dongchang Road""",010100002031BF0D00A4703D0A19CC6941CDCCCCAC0BF24B41
"POINT(13526124.95 3660666.62)",530696367,,,,,,,,ferry_terminal,,,,,,,,,,,,,,,,,,,,,,,,,,,,,,,,,,,,,,,,,,,,,,,,,,,,,,,,,,010100002031BF0D006666669E8DCC6941F6285C4FBDED4B41
"POINT(13524958.23 3662412.73)",530696824,,,,,,,,ferry_terminal,,,,,,,,,,,,,,,,,,,,,,,,,,,,,,,十六铺,,,,,,,,,,,,,,,,,,,,,,,,,,"""name:en""=>""Shiliupu""",010100002031BF0D00F6285CC7FBCB6941D7A3705D26F14B41
"POINT(13524056.01 3663255.12)",530696825,,,,,,,,ferry_terminal,,,,,,,,,,,,,,,,,,,,,,,,,,,,,,,,,,,,,,,,,,,,,,,,,,,,,,,,,,010100002031BF0D0085EB51008BCB6941F6285C8FCBF24B41
"POINT(13526689.34 3662684.13)",530697097,,,,,,,,cinema,,,,,,,,,,,,,,,,,,,,,,,,,,,,,,,,,,,,,,,,,,,,,,,,,,,,,,,,,,010100002031BF0D00AE47E12AD4CC69410AD7A310AEF14B41
"POINT(13521587.02 3663121.43)",538153171,,,,,,,,cafe,,,,,,,,,,,,,,,,,,,,,,,,,,,,,,,星巴克,,,,,,,,,,,,,,,,,,,,,,,,,,,010100002031BF0D000AD7A36056CA6941713D0AB788F24B41
"POINT(13521960.75 3661754.22)",554000553,,,,,,,,cafe,,,,,,,,,,,,,,,,,,,,,,,,,,,,,,,星巴克,,,,,,,,,,,,,,,,,,,,,,,,,,"""name:en""=>""Starbucks Coffee""",010100002031BF0D000000001885CA6941C3F5281CDDEF4B41
"POINT(13522655.89 3663091.77)",554246826,,,,,,,,,,,,,,,,,,,,,,,,,,,,,,,,,,,,,,,,,,,,,,,,,,,,,,,butcher,,,,,,,,,,,010100002031BF0D0048E17AFCDBCA6941295C8FE279F24B41
"POINT(13522689.74 3663055.34)",554246827,,,,,,,,,,,,,,,,,,,,,,,,,,,,,,,,,,,,,,,,,,,,,,,,,,,,,,,butcher,,,,,,,,,,,010100002031BF0D007B14AE37E0CA6941B81E85AB67F24B41
"POINT(13523362.69 3661038.87)",571356447,,,,,,,,post_box,,,,,,,,,,,,,,,,,,,,,,,,,,,,,,,,,,,,,,,,,,,,,,,,,,,,,,,,,,010100002031BF0D00E17A145634CB6941F6285C6F77EE4B41
"POINT(13522219.41 3663552.14)",573323407,,,,,,,,fast_food,,,,,,,,,,,,,,,,,,,,,,,,,,,,,,,"赛百味 Subway",,,,,,,,,,,,,,,,,,,,,,,,,,"""cuisine""=>""sandwich"", ""name:en""=>""Subway""",010100002031BF0D0052B81E6DA5CA69411F85EB1160F34B41
"POINT(13522210.32 3663594.05)",573323411,,,,,,,,fast_food,,,,,,,,,,,,,,,,,,,,,,,,,,,,,,,"必胜客 Pizza Hut",,,,,,,,,,,,,,,,,,,,,,,,,,"""cuisine""=>""pizza""",010100002031BF0D00A4703D4AA4CA69416666660675F34B41
"POINT(13522158.78 3663259.72)",601145227,,,,,,,,,,,,,,,,,,,,,,,,,,,bus_stop,,,,,,,,,,,,"福州路人民广场 Fuzhou Road, People's Square",,,,,,,,,,,,,,,,,,,,,,,,,,,010100002031BF0D008FC2F5D89DCA6941C3F528DCCDF24B41
"POINT(13522071.89 3663279.52)",601145232,,,,,,,,,,,,,,,,,,,,,,,,,,,bus_stop,,,,,,,,,,,,福州路人民广场,,,,,,,,,,,,,,,,,,,,,,,,,,,010100002031BF0D0048E17AFC92CA6941295C8FC2D7F24B41
"POINT(13522189.94 3663084.82)",601145300,,,,,,,,,,,,,,,,,,,,,,,,,,,traffic_signals,,,,,,,,,,,,,,,,,,,,,,,,,,,,,,,,,,,,,,,010100002031BF0D00E17A14BEA1CA69418FC2F56876F24B41
"POINT(13522198.08 3663070.4)",601145301,,,,,,,,,,,,,,,,,,,,,,,,,,,traffic_signals,,,,,,,,,,,,,,,,,,,,,,,,,,,,,,,,,,,,,,,010100002031BF0D00295C8FC2A2CA6941333333336FF24B41
"POINT(13522394.01 3662750.57)",601145306,,,,,,,,,,,,,,,,,,,,,,,,,,,,,,,,,,,,,,,,tree,,,,,,,,,,,,,,,,,,,,,,,,,,010100002031BF0D0085EB5140BBCA69418FC2F548CFF14B41
"POINT(13522616.35 3662340.91)",601145315,,,,,,,,,,,,,,,,,,,,,,,,,,,traffic_signals,,,,,,,,,,,,,,,,,,,,,,,,,,,,,,,,,,,,,,,010100002031BF0D003333330BD7CA694148E17A7402F14B41
"POINT(13521958.24 3661098.25)",601661256,,,,,,,,,,,,,,,,,,,,,,,,,,,,,,,,,,,,,,,新天地,,,,,,,,,,,station,,,,,,,,,,,,,,,"""name:en""=>""Xintiandi""",010100002031BF0D007B14AEC784CA69410000002095EE4B41
"POINT(13523778.5 3663082.26)",602334140,,,,,,,,,,,,,,,,,,,,,,,,,,,traffic_signals,,,,,,,,,,,,,,,,,,,,,,,,,,,,,,,,,,,,,,,010100002031BF0D000000005068CB694114AE472175F24B41
"POINT(13524659.91 3661223.98)",608700783,,,,,,,,,,,,,,,,,,,,,,,,,,,,,,,,,,,,,,,小南门,,,,,,,,,,,station,,,,,,,,,,,,,,,"""name:en""=>""Xiaonanmen""",010100002031BF0D0052B81E7DD6CB6941D7A370FDD3EE4B41
"POINT(13526659.6 3662980.82)",608700785,,,,,,,,,,,,,,,,,,,,,,,,,,,,,,,,,,,,,,,商城路,,,,,,,,,,,station,,,,,,,,,,,,,,,"""name:en""=>""Shangcheng Road""",010100002031BF0D0033333373D0CC69418FC2F56842F24B41
"POINT(13523810.8 3662874.58)",619006945,,,,,,,,,,,,,,,,,,,,,,,,,,,bus_stop,,,,,,,,,,,,新北门,,,,,,,,,,,,,,,,,,,,,,,,,,"""name:en""=>""Xinbeimen""",010100002031BF0D009A9999596CCB6941A4703D4A0DF24B41
"POINT(13523353.07 3662751.56)",619006946,,,,,,,,,,,,,,,,,,,,,,,,,,,bus_stop,,,,,,,,,,,,老北门,,,,,,,,,,,,,,,,,,,,,,,,,,"""name:en""=>""Laobeimen""",010100002031BF0D00A4703D2233CB69417B14AEC7CFF14B41
"POINT(13522914.75 3662303.69)",619007633,,,,,,,,,,,,,,,,,,,,,,,,,,,bus_stop,,,,,,,,,,,,"小北门 Xiaobeimen",,,,,,,,,,,,,,,,,,,,,,,,,,"""name:en""=>""Xiaobeimen""",010100002031BF0D0000000058FCCA694185EB51D8EFF04B41
"POINT(13523603.88 3660937.38)",619007634,,,,,,,,,,,,,,,,,,,,,,,,,,,bus_stop,,,,,,,,,,,,尚文路,,,,,,,,,,,,,,,,,,,,,,,,,,"""name:en""=>""Shangwen Road""",010100002031BF0D00C3F5287C52CB69410AD7A3B044EE4B41
"POINT(13521846.43 3663524.45)",619219642,,,88,,,,,,,,,,,,,,,,,,,,,,,,,,,,,,,,,,,,"新世界丽笙大酒店 Radisson New World",,,,,,,,,,,,,,,,,,,,hotel,,,,,,"""phone""=>""+86 21 63599999"", ""name:en""=>""Radisson New World"", ""wpt_symbol""=>""Lodging"", ""addr:street""=>""Nanjing Road""",010100002031BF0D005C8FC2CD76CA69419A99993952F34B41
"POINT(13521526.8 3663139.88)",619220428,,,,,,,,,,,,,,,yes,,,,,,,,,,,,,,,,,,,,,,,,创兴金融中心,,,,,,,,,,,,,,,,,,,,,,,,,,"""name:en""=>""Chuangxin Financial Center""",010100002031BF0D009A9999D94ECA69410AD7A3F091F24B41
"POINT(13521461.81 3662948.42)",619220944,,,,,,,,,,,,,,,,,,,,,,,,,,,,,,,,,,,,,,,万豪酒店,,,,万豪国际,,,,,,,,,,,,,,,,hotel,,,,,,"""name:en""=>""JW Marriott Hotel at Tomorrow Square"", ""wpt_symbol""=>""Lodging""",010100002031BF0D001F85EBB946CA69415C8FC23532F24B41
"POINT(13521984.32 3662821.68)",622678107,,,,,,,,fountain,,,,,,,,,,,,,,,,,,,,,,,,,,,,,,,,,,,,,,,,,,,,,,,,,,,,,,,,,,010100002031BF0D00A4703D0A88CA6941713D0AD7F2F14B41
"POINT(13522913.91 3661464.94)",624783812,,,,,,,,,,,,,,,,,,,,,,,,,,,traffic_signals,,,,,,,,,,,,,,,,,,,,,,,,,,,,,,,,,,,,,,,010100002031BF0D0052B81E3DFCCA694185EB51784CEF4B41
"POINT(13522921.91 3661449.74)",624784002,,,,,,,,,,,,,,,,,,,,,,,,,,,traffic_signals,,,,,,,,,,,,,,,,,,,,,,,,,,,,,,,,,,,,,,,010100002031BF0D0052B81E3DFDCA6941EC51B8DE44EF4B41
"POINT(13521744.93 3663351.63)",638736459,,,,,,,,,,,,,,,,,,,,,,,,,,,bus_stop,,,,,,,,,,,,九江路黄河路,,,,,,,,,,,,,,,,,,,,,,,,,,,010100002031BF0D005C8FC21D6ACA69410AD7A3D0FBF24B41
"POINT(13521684.01 3663387.46)",638736460,,,,,,,,restaurant,,,,,,,,,,,,,,,,,,,,,,,,,,,,,,,"国际饭店 Park Hotel",,,,,,,,,,,,,,,,,,,,,,,,,,"""name:en""=>""Park Hotel""",010100002031BF0D0085EB518062CA6941AE47E1BA0DF34B41
"POINT(13522130.7 3663521.24)",638736461,,,,,,,,cafe,,,,,,,,,,,,,,,,,,,,,,,,,,,,,,,"星巴克 Starbucks",,,,,,,,,,,,,,,,,,,,,,,,,,"""name:en""=>""Starbuck's Coffee""",010100002031BF0D00666666569ACA6941EC51B89E50F34B41
"POINT(13522502.14 3663578.56)",638736462,,,,,,,,toilets,,,,,,,,,,,,,,,,,,,,,,,,,,,,,,,,,,,,,,,,,,,,,,,,,,,,,,,,,,010100002031BF0D0048E17AC4C8CA69417B14AE476DF34B41
"POINT(13523136.05 3661509.37)",639305947,,,,,,,,,,,,,,,,,,,,,,,,,,,traffic_signals,,,,,,,,,,,,,,,,,,,,,,,,,,,,,,,,,,,,,,,010100002031BF0D009A99990118CB6941F6285CAF62EF4B41
"POINT(13523629.78 3661927.6)",639308635,,,,,,,,bank,,,,,,,,,,,,,,,,,,,,,,,,,,,,,,,工商银行,,,,,,,,,,,,,,,,,,,,,,,,,,"""name:en""=>""ICBC""",010100002031BF0D008FC2F5B855CB6941CDCCCCCC33F04B41
"POINT(13523559.31 3662079.29)",639308636,,,,,,,,bank,,,,,,,,,,,,,,,,,,,,,,,,,,,,,,,招商银行,,,,,,,,,,,,,,,,,,,,,,,,,,"""name:en""=>""China Merchants Bank""",010100002031BF0D001F85EBE94CCB694152B81EA57FF04B41
"POINT(13523530.65 3662160.51)",639308637,,,,,,,,bank,,,,,,,,,,,,,,,,,,,,,,,,,,,,,,,中国银行,,,,,,,,,,,,,,,,,,,,,,,,,,"""name:en""=>""Bank of China""",010100002031BF0D00CDCCCC5449CB694114AE4741A8F04B41
"POINT(13523537.82 3662142.58)",639308638,,,,,,,,bank,,,,,,,,,,,,,,,,,,,,,,,,,,,,,,,浦东发展银行,,,,,,,,,,,,,,,,,,,,,,,,,,"""name:en""=>""Pudong Development Bank""",010100002031BF0D00A4703D3A4ACB6941A4703D4A9FF04B41
"POINT(13526553.92 3661893.33)",639372724,,,,,,,,,,,,,,,,,,,,,,,,,,,,,,,,,,,,,,,"全家 FamilyMart",,,,"全家 FamilyMart",,,,,,,,,,,,convenience,,,,,,,,,,,010100002031BF0D00D7A3703DC3CC6941A4703DAA22F04B41
"POINT(13521879.68 3661555.2)",647522445,,,,,,,,bank,,,,,,,,,,,,,,,,,,,,,,,,,,,,,,,中国银行,,,,中国银行,,,,,,,,,,,,,,,,,,,,,,"""name:en""=>""Bank of China""",010100002031BF0D005C8FC2F57ACA69419A99999979EF4B41
"POINT(13521831.94 3661514.61)",647522451,,,,,,,,bank,,,,,,,,,,,,,,,,,,,,,,,,,,,,,,,恒生银行,,,,恒生银行,,,,,,,,,,,,,,,,,,,,,,"""name:en""=>""Hang Seng Bank""",010100002031BF0D00E17A14FE74CA6941E17A144E65EF4B41
"POINT(13521920.48 3661540.87)",647522468,,,,,,,,atm,,,,,,,,,,,,,,,,,,,,,,,,,,,,,,,,,,,,,,,,,,,,,,,,,,,,,,,,,"""name:en""=>""Citibank""",010100002031BF0D00F6285C0F80CA6941F6285C6F72EF4B41
"POINT(13521946.61 3661550.42)",647522507,,,,,,,,,,,,,,,,,,,,,,,,,,,,,,,,,,,,,,,,,,,,,,,,,,,,,,,supermarket,,,,,,,,,,"""name:en""=>""GL Japan Plaza""",010100002031BF0D00B81E855383CA69415C8FC23577EF4B41
"POINT(13521977.06 3661593.42)",647522513,,,,,,,,cafe,,,,,,,,,,,,,,,,,,,,,,,,,,,,,,,,,,,,,,,,,,,,,,,,,,,,,,,,,"""name:en""=>""Zen Life Store""",010100002031BF0D001F85EB2187CA69415C8FC2B58CEF4B41
"POINT(13521969.91 3661632.84)",647522518,,,,,,,,restaurant,,,,,,,,,,,,,,,,,,,,,,,,,,,,,,,,,,,,,,,,,,,,,,,,,,,,,,,,,"""name:en""=>""Simply Thai""",010100002031BF0D0052B81E3D86CA6941B81E856BA0EF4B41
"POINT(13521605.18 3663299.92)",654576866,,,,,,,,fast_food,,,,,,,,,,,,,,,,,,,,,,,,,,,,,,,东方既白,,,,,,,,,,,,,,,,,,,,,,,,,,,010100002031BF0D005C8FC2A558CA69415C8FC2F5E1F24B41
"POINT(13522241.76 3663531.63)",654578461,,,,,,,,,,,,,,,,,,,,,,,,,,,,,,,,,,,,,,,南新雅华美达大酒店,,,,,,,,,,,,,,,,,,,,hotel,,,,,,"""name:en""=>""Ramada Plaza Shanghai""",010100002031BF0D0085EB5138A8CA69410AD7A3D055F34B41
"POINT(13521728.2 3663168.55)",654579825,,,,,,,,,,,,,,,,,,,,,,,,,,,,,,,,,,park,,,,,大草坪,,,,,,,,,,,,,,,,,,,,,,,,,,,010100002031BF0D006666660668CA694166666646A0F24B41
"POINT(13523727.05 3663204.44)",677799505,,,,,,,,,,,,,,,,,,,,,,,,,,,traffic_signals,,,,,,,,,,,,,,,,,,,,,,,,,,,,,,,,,,,,,,,010100002031BF0D009A9999E161CB694185EB5138B2F24B41
"POINT(13523919.77 3663313.53)",677799508,,,,,,,,,,,,,,,,,,,,,,,,,,,traffic_signals,,,,,,,,,,,,,,,,,,,,,,,,,,,,,,,,,,,,,,,010100002031BF0D000AD7A3F879CB69413D0AD7C3E8F24B41
"POINT(13523447.42 3662708.6)",773662890,,,,,,,,,,,,,,,,,,,,,,,,,,,,,,,,,,,,,,,,,,,,,,,,,,subway_entrance,1,,,,,,,,,,,,,,,010100002031BF0D00D7A370ED3ECB6941CDCCCC4CBAF14B41
"POINT(13524081.61 3662049.07)",778910398,,,,,,,,,,,,,,,,,,,,,,,,,,,,,,,,,,,,,,,上海市,,,,,city,,23019148,,,,,,,,,,,,,,,,,,,"""rank""=>""0"", ""name:ar""=>""شانغهاي"", ""name:cs""=>""Šanghaj"", ""name:de""=>""Shanghai"", ""name:en""=>""Shanghai"", ""name:es""=>""Shanghái"", ""name:fr""=>""Shanghaï"", ""name:it""=>""Sciangai"", ""name:ja""=>""上海市"", ""name:kn""=>""ಶಾಂಗ್ಹೈ"", ""name:ku""=>""Şanghay"", ""name:ru""=>""Шанхай"", ""name:sk""=>""Šanghaj"", ""name:sr""=>""Шангај"", ""name:sv""=>""Shanghai"", ""name:vi""=>""Thượng Hải"", ""int_name""=>""Shanghai"", ""name:jbo""=>"".canxais."", ""wikipedia""=>""en:Shanghai"", ""is_in:country""=>""China"", ""name:zh_pinyin""=>""Shànghǎi Shì"", ""is_in:continent""=>""Asia"", ""is_in:country_code""=>""CN""",010100002031BF0D00B81E85338ECB69418FC2F58870F04B41
"POINT(13523115.54 3663013.05)",784179325,,,,,,,,bank,,,,,,,,,,,,,,,,,,,,,,,,,,,,,,,,,,,"Deutsche Bank",,,,,,,,,,,,,,,,,,,,,,"""atm""=>""yes"", ""name:en""=>""Deutsche Bank""",010100002031BF0D0014AE477115CB69416666668652F24B41
"POINT(13523108.63 3663208.85)",784179351,,,,,,,,,,,,,,,,,,,,,,,,,,,,,,,,,,,,,,,,,,,,,,,,,,,,,,,,,,,hotel,,,,,,"""stars""=>""4"", ""name:en""=>""Salvo Hotel Shanghai""",010100002031BF0D00C3F5289414CB6941CDCCCC6CB4F24B41
"POINT(13523650.12 3663600.54)",784179386,,,,,,,,bar,,,,,,,,,,,,,,,,,,,,,,,,,,,,,,,,,,,,,,,,,,,,,,,,,,,,,,,,,"""name:en""=>""Captain Bar""",010100002031BF0D003D0AD74358CB694152B81E4578F34B41
"POINT(13521566.9 3663079.45)",784179416,,,,,,,,restaurant,,,,,,,,,,,,,,,,,,,,,,,,,,,,,,,,,,,,,,,,,,,,,,,,,,,,,,,,,"""name:en""=>""Kathleen's 5""",010100002031BF0D00CDCCCCDC53CA69419A9999B973F24B41
"POINT(13524665.17 3663457.52)",784179440,,,,,,,,pub,,,,,,,,,,,,,,,,,,,,,,,,,,,,,,,,,,,,,,,,,,,,,,,,,,,,,,,,,"""name:en""=>""Paulaner Münchner Biergarten""",010100002031BF0D00D7A37025D7CB6941295C8FC230F34B41
"POINT(13521414.11 3662840.89)",815462228,,,,,,,,,,,,,,,,,,,,,,,,,,,,,,,,,,,,,,,,,,,,,,,,,,,,,,,,,,,hostel,,,,,,"""name:en""=>""Mingtown Etour Youth Hostel""",010100002031BF0D00B81E85C340CA69411F85EB71FCF14B41
"POINT(13522337.14 3662088.75)",824493205,,,,,,,,,,,,,,,,,,,,,,,,,,,bus_stop,,,,,,,,,,,,,,,,,,,,,,,,,,,,,,,,,,,,,,,010100002031BF0D0048E17A24B4CA69410000006084F04B41
"POINT(13521973.65 3661551.19)",832930568,,,,,,,,parking,,,,,,,,,,,,,,,,,,,,,,,,,-1,,,,,,,,,,,,,,,,,,,,,,,,,,,,,,,,,010100002031BF0D00CDCCCCB486CA694185EB519877EF4B41
"POINT(13521976.63 3661698.09)",832930580,,,,,,,,restaurant,,,,,,,,,,,,,,,,,,,,,,,,,,,,,,,,,,,,,,,,,,,,,,,,,,,,,,,,,"""name:en""=>""Paulaner Xintiandi""",010100002031BF0D00C3F5281487CA6941B81E850BC1EF4B41
"POINT(13524561.57 3663527.58)",842083629,,,,,,,,restaurant,,,,,,,,,,,,,,,,,,,,,,,,,,,,,,,,,,,,,,,,,,,,,,,,,,,,,,,,,"""name:en""=>""Lavazza & Italian Restaurant""",010100002031BF0D00A4703D32CACB6941A4703DCA53F34B41
"POINT(13523429.5 3662616.63)",845389048,,,,,,,,,,,,,,,,,,,,,,,,,,,,,,,,,,,,,,,豫园,,,,,,,,,,,station,,,,,,,,,,,,,,,"""name:en""=>""Yu Garden""",010100002031BF0D00000000B03CCB69410AD7A3508CF14B41
"POINT(13521726.84 3662700.03)",848252254,,,,,,,,,,,,,,,,,,,,,,,,,,,,,,,,,,,,,,,,tree,,,,,,,,,,,,,,,,,,,,,,,,,,010100002031BF0D00AE47E1DA67CA69413D0AD703B6F14B41
"POINT(13521736.69 3662707.57)",848252255,,,,,,,,,,,,,,,,,,,,,,,,,,,,,,,,,,,,,,,,tree,,,,,,,,,,,,,,,,,,,,,,,,,,010100002031BF0D00E17A141669CA69418FC2F5C8B9F14B41
"POINT(13521746.53 3662715.12)",848252256,,,,,,,,,,,,,,,,,,,,,,,,,,,,,,,,,,,,,,,,tree,,,,,,,,,,,,,,,,,,,,,,,,,,010100002031BF0D008FC2F5506ACA6941F6285C8FBDF14B41
"POINT(13521756.37 3662722.66)",848252257,,,,,,,,,,,,,,,,,,,,,,,,,,,,,,,,,,,,,,,,tree,,,,,,,,,,,,,,,,,,,,,,,,,,010100002031BF0D003D0AD78B6BCA694148E17A54C1F14B41
"POINT(13521697.32 3662677.39)",848252261,,,,,,,,,,,,,,,,,,,,,,,,,,,,,,,,,,,,,,,,tree,,,,,,,,,,,,,,,,,,,,,,,,,,010100002031BF0D00A4703D2A64CA69411F85EBB1AAF14B41
"POINT(13521707.16 3662684.94)",848252262,,,,,,,,,,,,,,,,,,,,,,,,,,,,,,,,,,,,,,,,tree,,,,,,,,,,,,,,,,,,,,,,,,,,010100002031BF0D0052B81E6565CA694185EB5178AEF14B41
"POINT(13521717 3662692.48)",848252263,,,,,,,,,,,,,,,,,,,,,,,,,,,,,,,,,,,,,,,,tree,,,,,,,,,,,,,,,,,,,,,,,,,,010100002031BF0D00000000A066CA6941D7A3703DB2F14B41
"POINT(13521927.06 3662854.64)",848252265,,,,,,,,,,,,,,,,,,,,,,,,,,,,,,,,,,,,,,,,tree,,,,,,,,,,,,,,,,,,,,,,,,,,010100002031BF0D001F85EBE180CA69411F85EB5103F24B41
"POINT(13521843.84 3662831.62)",848252266,,,,,,,,,,,,,,,,,,,,,,,,,,,,,,,,,,,,,,,,tree,,,,,,,,,,,,,,,,,,,,,,,,,,010100002031BF0D00AE47E17A76CA6941F6285CCFF7F14B41
"POINT(13521851.01 3662837.6)",848252267,,,,,,,,,,,,,,,,,,,,,,,,,,,,,,,,,,,,,,,,tree,,,,,,,,,,,,,,,,,,,,,,,,,,010100002031BF0D0085EB516077CA6941CDCCCCCCFAF14B41
"POINT(13521858.17 3662843.56)",848252268,,,,,,,,,,,,,,,,,,,,,,,,,,,,,,,,,,,,,,,,tree,,,,,,,,,,,,,,,,,,,,,,,,,,010100002031BF0D00D7A3704578CA69417B14AEC7FDF14B41
"POINT(13521897.22 3662873.65)",848252270,,,,,,,,,,,,,,,,,,,,,,,,,,,,,,,,,,,,,,,,tree,,,,,,,,,,,,,,,,,,,,,,,,,,010100002031BF0D00713D0A277DCA6941333333D30CF24B41
"POINT(13521905.94 3662879.4)",848252271,,,,,,,,,,,,,,,,,,,,,,,,,,,,,,,,,,,,,,,,tree,,,,,,,,,,,,,,,,,,,,,,,,,,010100002031BF0D00E17A143E7ECA6941333333B30FF24B41
"POINT(13521900.78 3662833.13)",848252272,,,,,,,,,,,,,,,,,,,,,,,,,,,,,,,,,,,,,,,,tree,,,,,,,,,,,,,,,,,,,,,,,,,,010100002031BF0D008FC2F5987DCA69410AD7A390F8F14B41
"POINT(13521907.94 3662840.3)",848252273,,,,,,,,,,,,,,,,,,,,,,,,,,,,,,,,,,,,,,,,tree,,,,,,,,,,,,,,,,,,,,,,,,,,010100002031BF0D00E17A147E7ECA694166666626FCF14B41
"POINT(13521917.5 3662846.27)",848252274,,,,,,,,,,,,,,,,,,,,,,,,,,,,,,,,,,,,,,,,tree,,,,,,,,,,,,,,,,,,,,,,,,,,010100002031BF0D00000000B07FCA6941295C8F22FFF14B41
"POINT(13522095.25 3663024.51)",848252275,,,,,,,,,,,,,,,,,,,,,,,,,,,,,,,,,,,,,,,,tree,,,,,,,,,,,,,,,,,,,,,,,,,,010100002031BF0D00000000E895CA694114AE474158F24B41
"POINT(13522102.41 3663031.67)",848252276,,,,,,,,,,,,,,,,,,,,,,,,,,,,,,,,,,,,,,,,tree,,,,,,,,,,,,,,,,,,,,,,,,,,010100002031BF0D0052B81ECD96CA69415C8FC2D55BF24B41
"POINT(13522142.35 3663103.35)",848252277,,,,,,,,,,,,,,,,,,,,,,,,,,,,,,,,,,,,,,,,tree,,,,,,,,,,,,,,,,,,,,,,,,,,010100002031BF0D00333333CB9BCA6941CDCCCCAC7FF24B41
"POINT(13521880.86 3662861.47)",848252278,,,,,,,,,,,,,,,,,,,,,,,,,,,,,,,,,,,,,,,,tree,,,,,,,,,,,,,,,,,,,,,,,,,,010100002031BF0D00B81E851B7BCA6941C3F528BC06F24B41
"POINT(13521889.22 3662867.45)",848252279,,,,,,,,,,,,,,,,,,,,,,,,,,,,,,,,,,,,,,,,tree,,,,,,,,,,,,,,,,,,,,,,,,,,010100002031BF0D00713D0A277CCA69419A9999B909F24B41
"POINT(13522049.87 3662993.46)",848252280,,,,,,,,,,,,,,,,,,,,,,,,,,,,,,,,,,,,,,,,tree,,,,,,,,,,,,,,,,,,,,,,,,,,010100002031BF0D003D0AD73B90CA6941AE47E1BA48F24B41
"POINT(13522057.02 3662998.22)",848252281,,,,,,,,,,,,,,,,,,,,,,,,,,,,,,,,,,,,,,,,tree,,,,,,,,,,,,,,,,,,,,,,,,,,010100002031BF0D000AD7A32091CA6941C3F5281C4BF24B41
"POINT(13522063 3663003)",848252282,,,,,,,,,,,,,,,,,,,,,,,,,,,,,,,,,,,,,,,,tree,,,,,,,,,,,,,,,,,,,,,,,,,,010100002031BF0D00000000E091CA6941000000804DF24B41
"POINT(13522070.17 3663008.98)",848252283,,,,,,,,,,,,,,,,,,,,,,,,,,,,,,,,,,,,,,,,tree,,,,,,,,,,,,,,,,,,,,,,,,,,010100002031BF0D00D7A370C592CA6941D7A3707D50F24B41
"POINT(13522088.08 3663020.93)",848252284,,,,,,,,,,,,,,,,,,,,,,,,,,,,,,,,,,,,,,,,tree,,,,,,,,,,,,,,,,,,,,,,,,,,010100002031BF0D00295C8F0295CA6941713D0A7756F24B41
"POINT(13522006.86 3662960.01)",848252285,,,,,,,,,,,,,,,,,,,,,,,,,,,,,,,,,,,,,,,,tree,,,,,,,,,,,,,,,,,,,,,,,,,,010100002031BF0D00B81E85DB8ACA694114AE470138F24B41
"POINT(13522015.22 3662965.99)",848252286,,,,,,,,,,,,,,,,,,,,,,,,,,,,,,,,,,,,,,,,tree,,,,,,,,,,,,,,,,,,,,,,,,,,010100002031BF0D00713D0AE78BCA6941EC51B8FE3AF24B41
"POINT(13522031.94 3662977.93)",848252287,,,,,,,,,,,,,,,,,,,,,,,,,,,,,,,,,,,,,,,,tree,,,,,,,,,,,,,,,,,,,,,,,,,,010100002031BF0D00E17A14FE8DCA6941713D0AF740F24B41
"POINT(13522037.92 3662982.7)",848252288,,,,,,,,,,,,,,,,,,,,,,,,,,,,,,,,,,,,,,,,tree,,,,,,,,,,,,,,,,,,,,,,,,,,010100002031BF0D00D7A370BD8ECA69419A99995943F24B41
"POINT(13522043.89 3662988.68)",848252289,,,,,,,,,,,,,,,,,,,,,,,,,,,,,,,,,,,,,,,,tree,,,,,,,,,,,,,,,,,,,,,,,,,,010100002031BF0D0048E17A7C8FCA6941713D0A5746F24B41
"POINT(13521956.7 3662920.59)",848252290,,,,,,,,,,,,,,,,,,,,,,,,,,,,,,,,,,,,,,,,tree,,,,,,,,,,,,,,,,,,,,,,,,,,010100002031BF0D006666669684CA6941B81E854B24F24B41
"POINT(13521966.25 3662927.76)",848252291,,,,,,,,,,,,,,,,,,,,,,,,,,,,,,,,,,,,,,,,tree,,,,,,,,,,,,,,,,,,,,,,,,,,010100002031BF0D00000000C885CA694114AE47E127F24B41
"POINT(13521975.82 3662934.92)",848252293,,,,,,,,,,,,,,,,,,,,,,,,,,,,,,,,,,,,,,,,tree,,,,,,,,,,,,,,,,,,,,,,,,,,010100002031BF0D00A4703DFA86CA69415C8FC2752BF24B41
"POINT(13521992.54 3662949.26)",848252294,,,,,,,,,,,,,,,,,,,,,,,,,,,,,,,,,,,,,,,,tree,,,,,,,,,,,,,,,,,,,,,,,,,,010100002031BF0D0014AE471189CA694114AE47A132F24B41
"POINT(13521999.71 3662955.23)",848252296,,,,,,,,,,,,,,,,,,,,,,,,,,,,,,,,,,,,,,,,tree,,,,,,,,,,,,,,,,,,,,,,,,,,010100002031BF0D00EC51B8F689CA6941D7A3709D35F24B41
"POINT(13521974.11 3662887.99)",848252299,,,,,,,,,,,,,,,,,,,,,,,,,,,,,,,,,,,,,,,,tree,,,,,,,,,,,,,,,,,,,,,,,,,,010100002031BF0D00B81E85C386CA6941EC51B8FE13F24B41
"POINT(13521983.66 3662893.95)",848252300,,,,,,,,,,,,,,,,,,,,,,,,,,,,,,,,,,,,,,,,tree,,,,,,,,,,,,,,,,,,,,,,,,,,010100002031BF0D0052B81EF587CA69419A9999F916F24B41
"POINT(13521992.02 3662902.33)",848252301,,,,,,,,,,,,,,,,,,,,,,,,,,,,,,,,,,,,,,,,tree,,,,,,,,,,,,,,,,,,,,,,,,,,010100002031BF0D000AD7A30089CA6941A4703D2A1BF24B41
"POINT(13522001.58 3662909.49)",848252302,,,,,,,,,,,,,,,,,,,,,,,,,,,,,,,,,,,,,,,,tree,,,,,,,,,,,,,,,,,,,,,,,,,,010100002031BF0D00295C8F328ACA6941EC51B8BE1EF24B41
"POINT(13521948.34 3662913.43)",848252304,,,,,,,,,,,,,,,,,,,,,,,,,,,,,,,,,,,,,,,,tree,,,,,,,,,,,,,,,,,,,,,,,,,,010100002031BF0D00AE47E18A83CA6941713D0AB720F24B41
"POINT(13522019.5 3662923.82)",848252305,,,,,,,,,,,,,,,,,,,,,,,,,,,,,,,,,,,,,,,,tree,,,,,,,,,,,,,,,,,,,,,,,,,,010100002031BF0D00000000708CCA69418FC2F5E825F24B41
"POINT(13522025.46 3662927.4)",848252306,,,,,,,,,,,,,,,,,,,,,,,,,,,,,,,,,,,,,,,,tree,,,,,,,,,,,,,,,,,,,,,,,,,,010100002031BF0D00EC51B82E8DCA6941333333B327F24B41
"POINT(13522038.6 3662938.15)",848252307,,,,,,,,,,,,,,,,,,,,,,,,,,,,,,,,,,,,,,,,tree,,,,,,,,,,,,,,,,,,,,,,,,,,010100002031BF0D00333333D38ECA6941333333132DF24B41
"POINT(13522035.02 3662934.57)",848252308,,,,,,,,,,,,,,,,,,,,,,,,,,,,,,,,,,,,,,,,tree,,,,,,,,,,,,,,,,,,,,,,,,,,010100002031BF0D000AD7A3608ECA69418FC2F5482BF24B41
"POINT(13522043.39 3662941.73)",848252309,,,,,,,,,,,,,,,,,,,,,,,,,,,,,,,,,,,,,,,,tree,,,,,,,,,,,,,,,,,,,,,,,,,,010100002031BF0D0048E17A6C8FCA6941D7A370DD2EF24B41
"POINT(13522074.43 3662964.42)",848252310,,,,,,,,,,,,,,,,,,,,,,,,,,,,,,,,,,,,,,,,tree,,,,,,,,,,,,,,,,,,,,,,,,,,010100002031BF0D005C8FC24D93CA69415C8FC2353AF24B41
"POINT(13522067.27 3662959.65)",848252311,,,,,,,,,,,,,,,,,,,,,,,,,,,,,,,,,,,,,,,,tree,,,,,,,,,,,,,,,,,,,,,,,,,,010100002031BF0D000AD7A36892CA6941333333D337F24B41
"POINT(13522058.91 3662952.49)",848252312,,,,,,,,,,,,,,,,,,,,,,,,,,,,,,,,,,,,,,,,tree,,,,,,,,,,,,,,,,,,,,,,,,,,010100002031BF0D0052B81E5D91CA6941EC51B83E34F24B41
"POINT(13522050.55 3662946.51)",848252313,,,,,,,,,,,,,,,,,,,,,,,,,,,,,,,,,,,,,,,,tree,,,,,,,,,,,,,,,,,,,,,,,,,,010100002031BF0D009A99995190CA694114AE474131F24B41
"POINT(13522013.52 3662919.04)",848252314,,,,,,,,,,,,,,,,,,,,,,,,,,,,,,,,,,,,,,,,tree,,,,,,,,,,,,,,,,,,,,,,,,,,010100002031BF0D000AD7A3B08BCA694152B81E8523F24B41
"POINT(13522112.65 3662993.09)",848252316,,,,,,,,,,,,,,,,,,,,,,,,,,,,,,,,,,,,,,,,tree,,,,,,,,,,,,,,,,,,,,,,,,,,010100002031BF0D00CDCCCC1498CA6941B81E858B48F24B41
"POINT(13522105.48 3662988.31)",848252318,,,,,,,,,,,,,,,,,,,,,,,,,,,,,,,,,,,,,,,,tree,,,,,,,,,,,,,,,,,,,,,,,,,,010100002031BF0D00F6285C2F97CA69417B14AE2746F24B41
"POINT(13522098.32 3662982.34)",848252320,,,,,,,,,,,,,,,,,,,,,,,,,,,,,,,,,,,,,,,,tree,,,,,,,,,,,,,,,,,,,,,,,,,,010100002031BF0D00A4703D4A96CA6941B81E852B43F24B41
"POINT(13522091.15 3662977.56)",848252321,,,,,,,,,,,,,,,,,,,,,,,,,,,,,,,,,,,,,,,,tree,,,,,,,,,,,,,,,,,,,,,,,,,,010100002031BF0D00CDCCCC6495CA69417B14AEC740F24B41
"POINT(13522082.79 3662971.6)",848252322,,,,,,,,,,,,,,,,,,,,,,,,,,,,,,,,,,,,,,,,tree,,,,,,,,,,,,,,,,,,,,,,,,,,010100002031BF0D0014AE475994CA6941CDCCCCCC3DF24B41
"POINT(13522128.18 3663005.03)",848252323,,,,,,,,,,,,,,,,,,,,,,,,,,,,,,,,,,,,,,,,tree,,,,,,,,,,,,,,,,,,,,,,,,,,010100002031BF0D005C8FC2059ACA69413D0AD7834EF24B41
"POINT(13522121.01 3662999.07)",848252324,,,,,,,,,,,,,,,,,,,,,,,,,,,,,,,,,,,,,,,,tree,,,,,,,,,,,,,,,,,,,,,,,,,,010100002031BF0D0085EB512099CA69418FC2F5884BF24B41
"POINT(13522177.15 3662624.04)",848254787,,,,,,,,,,,,,,,,,,,,,,,,,,,,,,,,,,,,,,,,tree,,,,,,,,,,,,,,,,,,,,,,,,,,010100002031BF0D00CDCCCC24A0CA694152B81E0590F14B41
"POINT(13522184.62 3662630.92)",848254788,,,,,,,,,,,,,,,,,,,,,,,,,,,,,,,,,,,,,,,,tree,,,,,,,,,,,,,,,,,,,,,,,,,,010100002031BF0D003D0AD713A1CA69415C8FC27593F14B41
"POINT(13522197.61 3662646.52)",848254789,,,,,,,,,,,,,,,,,,,,,,,,,,,,,,,,,,,,,,,,tree,,,,,,,,,,,,,,,,,,,,,,,,,,010100002031BF0D00B81E85B3A2CA6941295C8F429BF14B41
"POINT(13522202.67 3662653.98)",848254790,,,,,,,,,,,,,,,,,,,,,,,,,,,,,,,,,,,,,,,,tree,,,,,,,,,,,,,,,,,,,,,,,,,,010100002031BF0D00D7A37055A3CA6941D7A370FD9EF14B41
"POINT(13522208.28 3662662.19)",848254791,,,,,,,,,,,,,,,,,,,,,,,,,,,,,,,,,,,,,,,,tree,,,,,,,,,,,,,,,,,,,,,,,,,,010100002031BF0D008FC2F508A4CA694185EB5118A3F14B41
"POINT(13522119.66 3662579.65)",848254792,,,,,,,,,,,,,,,,,,,,,,,,,,,,,,,,,,,,,,,,tree,,,,,,,,,,,,,,,,,,,,,,,,,,010100002031BF0D0052B81EF598CA6941333333D379F14B41
"POINT(13522128.01 3662585.01)",848254793,,,,,,,,,,,,,,,,,,,,,,,,,,,,,,,,,,,,,,,,tree,,,,,,,,,,,,,,,,,,,,,,,,,,010100002031BF0D0085EB51009ACA694114AE47817CF14B41
"POINT(13522136.08 3662591.59)",848254794,,,,,,,,,,,,,,,,,,,,,,,,,,,,,,,,,,,,,,,,tree,,,,,,,,,,,,,,,,,,,,,,,,,,010100002031BF0D00295C8F029BCA6941B81E85CB7FF14B41
"POINT(13522160.8 3662610.52)",848254795,,,,,,,,,,,,,,,,,,,,,,,,,,,,,,,,,,,,,,,,tree,,,,,,,,,,,,,,,,,,,,,,,,,,010100002031BF0D009A9999199ECA6941295C8F4289F14B41
"POINT(13522169.98 3662618.07)",848254796,,,,,,,,,,,,,,,,,,,,,,,,,,,,,,,,,,,,,,,,tree,,,,,,,,,,,,,,,,,,,,,,,,,,010100002031BF0D00F6285C3F9FCA69418FC2F5088DF14B41
"POINT(13522069.66 3662555.97)",848254797,,,,,,,,,,,,,,,,,,,,,,,,,,,,,,,,,,,,,,,,tree,,,,,,,,,,,,,,,,,,,,,,,,,,010100002031BF0D0052B81EB592CA6941C3F528FC6DF14B41
"POINT(13522083.16 3662560.37)",848254798,,,,,,,,,,,,,,,,,,,,,,,,,,,,,,,,,,,,,,,,tree,,,,,,,,,,,,,,,,,,,,,,,,,,010100002031BF0D0052B81E6594CA6941F6285C2F70F14B41
"POINT(13522093.98 3662564.4)",848254799,,,,,,,,,,,,,,,,,,,,,,,,,,,,,,,,,,,,,,,,tree,,,,,,,,,,,,,,,,,,,,,,,,,,010100002031BF0D00F6285CBF95CA69413333333372F14B41
"POINT(13522111.5 3662573.82)",848254800,,,,,,,,,,,,,,,,,,,,,,,,,,,,,,,,,,,,,,,,tree,,,,,,,,,,,,,,,,,,,,,,,,,,010100002031BF0D00000000F097CA69418FC2F5E876F14B41
"POINT(13521815.43 3662767.92)",848255472,,,,,,,,,,,,,,,,,,,,,,,,,,,,,,,,,,,,,,,,tree,,,,,,,,,,,,,,,,,,,,,,,,,,010100002031BF0D005C8FC2ED72CA69415C8FC2F5D7F14B41
"POINT(13521825.27 3662775.47)",848255473,,,,,,,,,,,,,,,,,,,,,,,,,,,,,,,,,,,,,,,,tree,,,,,,,,,,,,,,,,,,,,,,,,,,010100002031BF0D000AD7A32874CA6941C3F528BCDBF14B41
"POINT(13521835.11 3662783.01)",848255474,,,,,,,,,,,,,,,,,,,,,,,,,,,,,,,,,,,,,,,,tree,,,,,,,,,,,,,,,,,,,,,,,,,,010100002031BF0D00B81E856375CA694114AE4781DFF14B41
"POINT(13521844.96 3662790.56)",848255476,,,,,,,,,,,,,,,,,,,,,,,,,,,,,,,,,,,,,,,,tree,,,,,,,,,,,,,,,,,,,,,,,,,,010100002031BF0D00EC51B89E76CA69417B14AE47E3F14B41
"POINT(13521766.21 3662730.21)",848255477,,,,,,,,,,,,,,,,,,,,,,,,,,,,,,,,,,,,,,,,tree,,,,,,,,,,,,,,,,,,,,,,,,,,010100002031BF0D00EC51B8C66CCA6941AE47E11AC5F14B41
"POINT(13521776.05 3662737.74)",848255478,,,,,,,,,,,,,,,,,,,,,,,,,,,,,,,,,,,,,,,,tree,,,,,,,,,,,,,,,,,,,,,,,,,,010100002031BF0D009A9999016ECA6941EC51B8DEC8F14B41
"POINT(13521785.91 3662745.3)",848255479,,,,,,,,,,,,,,,,,,,,,,,,,,,,,,,,,,,,,,,,tree,,,,,,,,,,,,,,,,,,,,,,,,,,010100002031BF0D0052B81E3D6FCA6941666666A6CCF14B41
"POINT(13521795.75 3662752.83)",848255480,,,,,,,,,,,,,,,,,,,,,,,,,,,,,,,,,,,,,,,,tree,,,,,,,,,,,,,,,,,,,,,,,,,,010100002031BF0D000000007870CA6941A4703D6AD0F14B41
"POINT(13521805.59 3662760.38)",848255481,,,,,,,,,,,,,,,,,,,,,,,,,,,,,,,,,,,,,,,,tree,,,,,,,,,,,,,,,,,,,,,,,,,,010100002031BF0D00AE47E1B271CA69410AD7A330D4F14B41
"POINT(13521406.45 3663344.45)",848682286,,,,,,,,,,,,,,,,,,,,,,,,,,,,,,,,,,,,,,,联华,,,,,,,,,,,,,,,,supermarket,,,,,,,,,,"""name:en""=>""Lianhua""",010100002031BF0D00666666CE3FCA69419A999939F8F24B41
"POINT(13525798.87 3663346.44)",848698235,,,,,,,,,,,,,,,,,,,,,,,,,,,crossing,,,,,,,,,,,,,,,,,,,,,,,,,,,,,,,,,,,,,,"""crossing_ref""=>""zebra""",010100002031BF0D003D0AD7DB64CC694185EB5138F9F24B41
"POINT(13525804.41 3663321.21)",848698265,,,,,,,,,,,,,,,,,,,,,,,,,,,crossing,,,,,,,,,,,,,,,,,,,,,,,,,,,,,,,,,,,,,,"""crossing_ref""=>""zebra""",010100002031BF0D0052B81E8D65CC6941AE47E19AECF24B41
"POINT(13521377.51 3662133.31)",850283413,,,,,,,,,,,,,,,,,,,,,,,,,,,traffic_signals,,,,,,,,,,,,,,,,,,,,,,,,,,,,,,,,,,,,,,,010100002031BF0D0085EB51303CCA69417B14AEA79AF04B41
"POINT(13521335.74 3662173.35)",850287516,,,,,,,,,,,,,,,,,,,,,,,,,,,traffic_signals,,,,,,,,,,,,,,,,,,,,,,,,,,,,,,,,,,,,,,,010100002031BF0D007B14AEF736CA6941CDCCCCACAEF04B41
"POINT(13522193.72 3661188.42)",857780845,,,,,,,,,,,,,,,,,,,,,,,,,,,traffic_signals,,,,,,,,,,,,,,,,,,,,,,,,,,,,,,,,,,,,,,,010100002031BF0D00713D0A37A2CA69415C8FC235C2EE4B41
"POINT(13522560.98 3661333.1)",857780856,,,,,,,,,,,,,,,,,,,,,,,,,,,traffic_signals,,,,,,,,,,,,,,,,,,,,,,,,,,,,,,,,,,,,,,,010100002031BF0D00F6285C1FD0CA6941CDCCCC8C0AEF4B41
"POINT(13522463.08 3661549.41)",857780858,,,,,,,,,,,,,,,,,,,,,,,,,,,traffic_signals,,,,,,,,,,,,,,,,,,,,,,,,,,,,,,,,,,,,,,,010100002031BF0D00295C8FE2C3CA694148E17AB476EF4B41
"POINT(13521777.38 3661690.31)",857781031,,,,,,,,,,,,,,,,,,,,,,,,,,,traffic_signals,,,,,,,,,,,,,,,,,,,,,,,,,,,,,,,,,,,,,,,010100002031BF0D00C3F5282C6ECA69417B14AE27BDEF4B41
"POINT(13524353.91 3662752.78)",882614350,,,,,,,,bus_station,,,,,,,,,,,,,,,,,,,,,,,,,,,,,,,,,,,,,,,,,,,,,,,,,,,,,,,,,,010100002031BF0D0052B81E3DB0CB69413D0AD763D0F14B41
"POINT(13523380.53 3662689.49)",882614353,,,,,,,,,,,,,,,,,,,,,,,,,,,,,,,,,,,,,,,,,,,,,,,,,,subway_entrance,4,,,,,,,,,,,,,,,010100002031BF0D008FC2F59036CB6941EC51B8BEB0F14B41
"POINT(13523429.5 3662488.85)",882614360,,,,,,,,,,,,,,,,,,,,,,,,,,,,,,,,,,,,,,,,,,,,,,,,,,subway_entrance,3,,,,,,,,,,,,,,,010100002031BF0D00000000B03CCB6941CDCCCC6C4CF14B41
"POINT(13521859.63 3662598.02)",884224389,,,,,,,,toilets,,,,,,,,,,,,,,,,,,,,,,,,,,,,,,,,,,,,,,,,,,,,,,,,,,,,,,,,,,010100002031BF0D00C3F5287478CA6941295C8F0283F14B41
"POINT(13521693.45 3663329.16)",884226718,,,,,,,,toilets,,,,,,,,,,,,,,,,,,,,,,,,,,,,,,,,,,,,,,,,,,,,,,,,,,,,,,,,,,010100002031BF0D00666666AE63CA694148E17A94F0F24B41
"POINT(13526667.23 3662657.99)",956653828,,,,,,,,,,,,,,,,,,,,,,,,,,,,,,,,,,,,,,,,,,,,,,,,,,,,,,,supermarket,,,,,,,,,,,010100002031BF0D00F6285C67D1CC6941EC51B8FEA0F14B41
"POINT(13525275.43 3661989.01)",1168464095,,,,,,,,ferry_terminal,,,,,,,,,,,,,,,,,,,,,,,,,,,,,,,,,,,,,,,,,,,,,,,,,,,,,,,,,,010100002031BF0D005C8FC26D23CC694114AE478152F04B41
"POINT(13525779.97 3662135.97)",1168464141,,,,,,,,ferry_terminal,,,,,,,,,,,,,,,,,,,,,,,,,,,,,,,,,,,,,,,,,,,,,,,,,,,,,,,,,,010100002031BF0D00713D0A7F62CC6941C3F528FC9BF04B41
"POINT(13521608.16 3663267.18)",1172174589,,,,,,,,atm,,,,,,,,,,,,,,,,,,,,,,,,,,,,,,,,,,,上海浦东发展银行,,,,,,,,,,,,,,,,,,,,,,"""operator:en""=>""Shanghai Pudong Development Bank""",010100002031BF0D0052B81E0559CA6941713D0A97D1F24B41
"POINT(13521614.81 3663281.29)",1172174591,,,,,,,,cafe,,,,,,,,,,,,,,,,,,,,,,,,,,,,,,,85°度,,,,,,,,,,,,,,,,,,,,,,,,,,"""name:en""=>""85°C"", ""opening_hours""=>""24/7""",010100002031BF0D001F85EBD959CA694152B81EA5D8F24B41
"POINT(13522021.95 3663344.33)",1172174594,,,,,,,,,,,,,,,,,,,,,,,,,,,,,,,,,,,,,,,人民广场地铁站出口20,,,,,,,,,,,subway_entrance,20,,,,,,,,,,,,,,,010100002031BF0D00666666BE8CCA6941A4703D2AF8F24B41
"POINT(13522064.01 3663269.65)",1172174596,,,,,,,,,,,yes,,,,,,,,,,,,,,,,,,,,,,,,,,,,电梯,,,,,,,,,,,subway_entrance,,,,,,,,,,,,,,,"""name:en""=>""elevator"", ""wheelchair""=>""yes""",010100002031BF0D0085EB510092CA6941333333D3D2F24B41
"POINT(13521613.22 3663175.81)",1172174599,,,,,,,,,,,,,,,,,,,,,,,,,,,,,,,,,,,,,,,人民广场地铁站出口11,,,,,,,,,,,subway_entrance,11,,,,,,,,,,,,,,"""name:en""=>""People Square exit 11""",010100002031BF0D00713D0AA759CA69417B14AEE7A3F24B41
"POINT(13522581.91 3662755.91)",1251210478,,,,,,,,,,,,,,,,,,,,,,,,,,,,,,,,,,,,,,,老陕客栈,,,,,,,,,,,,,,,,,,,,hotel,,,,,,"""email""=>""the.phoenix.shanghai@gmail.com"", ""phone""=>""+86 021 63288680"", ""smoking""=>""dedicated"", ""website""=>""www.thephoenixshanghai.com"", ""wheelchair""=>""no"", ""internet_access""=>""wlan"", ""internet_access:fee""=>""no""",010100002031BF0D0052B81EBDD2CA694148E17AF4D1F14B41
"POINT(13525656.03 3663519)",1251241438,,,,,,,,,,,,,,,,,,,,,,,,,,,,,,,,,,,,tower,,,,,,,,,,,,,,,,,,,,,,,,observation,,,,,"""height""=>""492""",010100002031BF0D008FC2F50053CC6941000000804FF34B41
"POINT(13522560.28 3660579.53)",1317210444,,,,,,,,restaurant,,,,,,,,,,,,,,,,,,,,,,,,,,,,,,,,,,,,,,,,,,,,,,,,,,,,,,,,,"""cuisine""=>""american"", ""name:en""=>""Munchies""",010100002031BF0D008FC2F508D0CA69413D0AD7C391ED4B41
"POINT(13526591.1 3661976.21)",1317231483,,,,,,,,toilets,,,,,,,,,,,,,,,,,,,,,,,,,,,,,,,,,,,,,,,,,,,,,,,,,,,,,,,,,,010100002031BF0D00333333E3C7CC6941AE47E11A4CF04B41
"POINT(13526633.5 3662912.87)",1317234409,,,,,,,,,,,,,,,,,,,,,,,,,,,,,,,,,,,,,,,,,,,,,,,,,,,,,,,,,,,hotel,,,,,,"""name:en""=>""Mariott""",010100002031BF0D0000000030CDCC6941F6285C6F20F24B41
"POINT(13521312.89 3661492.16)",1460663878,,,,,,,,cafe,,,,,,,,,,,,,,,,,,,,,,,,,,,,,,,,,,,,,,,,,,,,,,,,,,,,,,,,,"""name:en""=>""Sculpting in Time Cafe""",010100002031BF0D0048E17A1C34CA694148E17A145AEF4B41
"POINT(13522009.16 3661679.37)",1462576337,,,,,,,,fountain,,,,,,,,,,,,,,,,,,,,,,,,,,,,,,,,,,,,,,,,,,,,,,,,,,,,,,,,,,010100002031BF0D0052B81E258BCA6941F6285CAFB7EF4B41
"POINT(13522025.88 3661300.77)",1462584424,,,,,,,,cafe,,,,,,,,,,,,,,,,,,,,,,,,,,,,,,,,,,,,,,,,,,,,,,,,,,,,,,,,,"""name:en""=>""Lavazza""",010100002031BF0D00C3F5283C8DCA6941295C8F62FAEE4B41
"POINT(13521976.01 3661381.1)",1462584468,,,,,,,,,,,,,,,,,,,,,,,,,,,,,,,,,,,,,,,,,,,,,,,,,,,,,,,convenience,,,,,,,,,,,010100002031BF0D0085EB510087CA6941CDCCCC8C22EF4B41
"POINT(13523918.34 3662485.57)",1469023921,,,,,,,,cafe,,,,,,,,,,,,,,,,,,,,,,,,,,,,,,,湖心亭,,,,,,,,,,,,,,,,,,,,attraction,,,,,,"""name:en""=>""Hu Xin Ting (Mid-Lake Pavilion Teahouse)""",010100002031BF0D00AE47E1CA79CB69418FC2F5C84AF14B41
"POINT(13525391.64 3662685.14)",1473995280,,,,,,,,restaurant,,,,,,,,,,,,,,,,,,,,,,,,,,,,,,,,,,,,,,,,,,,,,,,,,,,,,,,,,,010100002031BF0D0048E17AF431CC69411F85EB91AEF14B41
"POINT(13522396.41 3662342.73)",1489291111,,,,,,,,cafe,,,,,,,,,,,,,,,,,,,,,,,,,,,,,,,,,,,,,,,,,,,,,,,,,,,,,,,,,"""name:en""=>""Gloria Jeans""",010100002031BF0D0052B81E8DBBCA6941D7A3705D03F14B41
"POINT(13526162.6 3662741.17)",1489367650,,,,,,,,,,,,,,,,,,,,,,,,,,,bus_stop,,,,,,,,,,,,,,,,,,,,,,,,,,,,,,,,,,,,,,,010100002031BF0D003333335392CC69415C8FC295CAF14B41
"POINT(13526239.03 3662813.43)",1489367765,,,,,,,,fuel,,,,,,,,,,,,,,,,,,,,,,,,,,,,,,,,,,,,,,,,,,,,,,,,,,,,,,,,,,010100002031BF0D008FC2F5E09BCC6941713D0AB7EEF14B41
"POINT(13526800.37 3662846.87)",1489367817,,,,,,,,,,,,,,,,,,,,,,,,,,,bus_stop,,,,,,,,,,,,,,,,,,,,,,,,,,,,,,,,,,,,,,,010100002031BF0D003D0AD70BE2CC6941F6285C6FFFF14B41
"POINT(13525319.4 3663032.59)",1489390311,,,,,,,,,,,,,,,,,,,,,,,,,,,bus_stop,,,,,,,,,,,,,,,,,,,,,,,,,,,,,,,,,,,,,,,010100002031BF0D00CDCCCCEC28CC6941B81E854B5CF24B41
"POINT(13525317.95 3663181.67)",1489390367,,,,,,,,,,,,,,,,,,,,,,,,,,,bus_stop,,,,,,,,,,,,,,,,,,,,,,,,,,,,,,,,,,,,,,,010100002031BF0D00666666BE28CC69415C8FC2D5A6F24B41
"POINT(13524749.7 3663538.98)",1489398730,,,,,,,,,,,,,,,,,,,,,,,,,,,,,,,,,,,,,,,,,,,,,,,,,,,,,,,,,,,museum,,,,,,"""name:en""=>""Aurora Art Museum""",010100002031BF0D00666666B6E1CB6941D7A3707D59F34B41
"POINT(13525921.94 3663285.78)",1489401311,,,,,,,,,,,,,,,,,,,,,,,,,,,bus_stop,,,,,,,,,,,,,,,,,,,,,,,,,,,,,,,,,,,,,,,010100002031BF0D00E17A143E74CC69413D0AD7E3DAF24B41
"POINT(13525755.32 3663307.88)",1489401322,,,,,,,,,,,,,,,,,,,,,,,,,,,bus_stop,,,,,,,,,,,,,,,,,,,,,,,,,,,,,,,,,,,,,,,010100002031BF0D00A4703D6A5FCC69410AD7A3F0E5F24B41
"POINT(13525064.41 3663129.63)",1489404186,,,,,,,,,,,,,,,,,,,,,,,,,,,bus_stop,,,,,,,,,,,,,,,,,,,,,,,,,,,,,,,,,,,,,,,010100002031BF0D0052B81E0D09CC69410AD7A3D08CF24B41
"POINT(13525543.34 3663596.32)",1489404187,,,,,,,,,,,,,,,,,,,,,,,,,,,bus_stop,,,,,,,,,,,,,,,,,,,,,,,,,,,,,,,,,,,,,,,010100002031BF0D00AE47E1EA44CC69418FC2F52876F34B41
"POINT(13525349.25 3662947.2)",1489404188,,,,,,,,bus_station,,,,,,,,,,,,,,,,,,,,,,,,,,,,,,,,,,,,,,,,,,,,,,,,,,,,,,,,,,010100002031BF0D00000000A82CCC69419A99999931F24B41
"POINT(13525480.03 3663282.5)",1489404194,,,,,,,,,,,,,,,,,,,,,,,,,,,bus_stop,,,,,,,,,,,,,,,,,,,,,,,,,,,,,,,,,,,,,,,010100002031BF0D008FC2F5003DCC694100000040D9F24B41
"POINT(13524952.14 3663488.53)",1489404198,,,,,,,,,,,,,,,,,,,,,,,,,,,bus_stop,,,,,,,,,,,,,,,,,,,,,,,,,,,,,,,,,,,,,,,010100002031BF0D0048E17A04FBCB69413D0AD74340F34B41
"POINT(13525044.71 3663400.74)",1489404202,,,,,,,,,,,,,,,,,,,,,,,,,,,bus_stop,,,,,,,,,,,,,,,,,,,,,,,,,,,,,,,,,,,,,,,010100002031BF0D00EC51B89606CC6941EC51B85E14F34B41
"POINT(13524955.43 3663545.56)",1489404203,,,,,,,,,,,,,,,,,,,,,,,,,,,bus_stop,,,,,,,,,,,,,,,,,,,,,,,,,,,,,,,,,,,,,,,010100002031BF0D005C8FC26DFBCB69417B14AEC75CF34B41
"POINT(13525004.69 3663027.81)",1489404204,,,,,,,,restaurant,,,,,,,,,,,,,,,,,,,,,,,,,,,,,,,,,,,,,,,,,,,,,,,,,,,,,,,,,"""name:en""=>""Hailong Haixian Fang""",010100002031BF0D00E17A149601CC69417B14AEE759F24B41
"POINT(13524893.32 3663346.7)",1489404206,,,,,,,,,,,,,,,,,,,,,,,,,,,bus_stop,,,,,,,,,,,,,,,,,,,,,,,,,,,,,,,,,,,,,,,010100002031BF0D00A4703DAAF3CB69419A999959F9F24B41
"POINT(13525211.61 3663509.43)",1489404208,,,,,,,,,,,,,,,,,,,,,,,,,,,bus_stop,,,,,,,,,,,,,,,,,,,,,,,,,,,,,,,,,,,,,,,010100002031BF0D00B81E85731BCC6941713D0AB74AF34B41
"POINT(13526327.22 3663339.19)",1490105515,,,,,,,,,,,,,,,,,,,,,,,,,,,bus_stop,,,,,,,,,,,,,,,,,,,,,,,,,,,,,,,,,,,,,,,010100002031BF0D00713D0AE7A6CC694185EB5198F5F24B41
"POINT(13526432.92 3663068.37)",1490108041,,,,,,,,fast_food,,,,,,,,,,,,,,,,,,,,,,,,,,,,,,,肯德基,,,,,,,,,,,,,,,,,,,,,,,,,,"""name:en""=>""KFC""",010100002031BF0D00D7A3701DB4CC6941F6285C2F6EF24B41
"POINT(13524305.82 3662307.02)",1548518743,,,,,,,,restaurant,,,,,,,,,,,,,,,,,,,,,,,,,,,,,,,,,,,,,,,,,,,,,,,,,,,,,,,,,,010100002031BF0D00A4703D3AAACB6941295C8F82F1F04B41
"POINT(13524005.75 3662285.52)",1548518803,,,,,,,,fountain,,,,,,,,,,,,,,,,,,,,,,,,,,,,,,,,,,,,,,,,,,,,,,,,,,,,,,,,,,010100002031BF0D00000000B884CB6941295C8FC2E6F04B41
"POINT(13522354.67 3663366.54)",1555170552,,,,,,,,restaurant,,,,,,,,,,,,,,,,,,,,,,,,,,,,,,,,,,,,,,,,,,,,,,,,,,,,,,,,,"""cuisine""=>""asian""",010100002031BF0D00D7A37055B6CA694152B81E4503F34B41
"POINT(13521986.33 3661294.3)",1562116462,,,,,,,,restaurant,,,,,,,,,,,,,,,,,,,,,,,,,,,,,,,,,,,,,,,,,,,,,,,,,,,,,,,,,"""name:en""=>""Urban Soup Kitchen""",010100002031BF0D00295C8F4A88CA694166666626F7EE4B41
"POINT(13522239.9 3662182.48)",1562116864,,,,,,,,restaurant,,,,,,,,,,,,,,,,,,,,,,,,,,,,,,,,,,,,,,,,,,,,,,,,,,,,,,,,,"""name:en""=>""Fomo""",010100002031BF0D00CDCCCCFCA7CA6941D7A3703DB3F04B41
"POINT(13522253.66 3662218.3)",1562116872,,,,,,,,restaurant,,,,,,,,,,,,,,,,,,,,,,,,,,,,,,,,,,,,,,,,,,,,,,,,,,,,,,,,,"""name:en""=>""Pankoo""",010100002031BF0D0052B81EB5A9CA694166666626C5F04B41
"POINT(13525486.91 3661626.3)",1562119176,,,,,,,,toilets,,,,,,,,,,,,,,,,,,,,,,,,,,,,,,,,,,,,,,,,,,,,,,,,,,,,,,,,,,010100002031BF0D0052B81EDD3DCC6941666666269DEF4B41
"POINT(13521486.9 3661538.6)",1563139072,,,,,,,,,,,,,,,,,,,,,,,,,,,,,,,,,,,,,,,,,,,,,,,,,,,,,,,,,,,hotel,,,,,,"""name:en""=>""Pudi Boutique Hotel""",010100002031BF0D00CDCCCCDC49CA6941CDCCCC4C71EF4B41
"POINT(13524780.6 3662181.11)",1563146219,,,,,,,,,,,,,,,,,,,,,,,,,,,,,,,,,,,,,,,,,,,,,,,,,,,,,,,,,,,hotel,,,,,,"""name:en""=>""Riverview Hotel""",010100002031BF0D0033333393E5CB6941E17A148EB2F04B41
"POINT(13522528.7 3663490.2)",1563161013,,,,,,,,,,,,,,,,,,,,,,,,,,,,,,,,,,,,,,,,,,,,,,,,,,,,,,,,,,,hotel,,,,,,"""name:en""=>""Howard Johnsons Plaza""",010100002031BF0D0066666616CCCA69419A99991941F34B41
"POINT(13522021.35 3661623.13)",1570853962,,,,,,,,toilets,,,,,,,,,,,,,,,,,,,,,,,,,,,,,,,,,,,,,,,,,,,,,,,,,,,,,,,,,,010100002031BF0D00333333AB8CCA69410AD7A3909BEF4B41
"POINT(13522409.09 3661276.11)",1572268640,,,,,,,,,,,,,,,,,,,,,,,,,,,traffic_signals,,,,,,,,,,,,,,,,,,,,,,,,,,,,,,,,,,,,,,,010100002031BF0D00AE47E122BDCA6941E17A140EEEEE4B41
"POINT(13522064.67 3662069.38)",1572270954,,,,,,,,,,,,,,,,,,,,,,,,,,,crossing,,,,,,,,,,,,,,,,,,,,,,,,,,,,,,,,,,,,,,,010100002031BF0D00D7A3701592CA69410AD7A3B07AF04B41
"POINT(13523473.85 3661302.07)",1663985729,,,,,,,,place_of_worship,,,,,,,,,,,,,,,,,,,,,,,,,,,,,,,上海文庙,,,,,,,,,,,,,,,,,,,,,,,,,,"""name:zh""=>""上海文庙""",010100002031BF0D003333333B42CB69418FC2F508FBEE4B41
"POINT(13521202.37 3663066.52)",1667022600,,,700,,,,,restaurant,,,,,,,,,,,,,,,,,,,,,,,,,,,,,,,青城食坊,,,,,,,,,,,,,,,,,,,,,,,,,,"""addr:street""=>""牡丹江路""",010100002031BF0D003D0AD74B26CA6941295C8F426DF24B41
"POINT(13523920.36 3663338.9)",1722215053,,,,,,,,,,,,,,,,,,,,,,,,,,,traffic_signals,,,,,,,,,,,,,,,,,,,,,,,,,,,,,,,,,,,,,,,010100002031BF0D00B81E850B7ACB694133333373F5F24B41
"POINT(13523847.09 3663496.32)",1722215093,,,,,,,,,,,,,,,,,,,,,,,,,,,traffic_signals,,,,,,,,,,,,,,,,,,,,,,,,,,,,,,,,,,,,,,,010100002031BF0D00AE47E1E270CB69418FC2F52844F34B41
"POINT(13522972.63 3661522.63)",1735471913,,,,,,,,,,,,,,,,,,,,,,,,,,,,,,,,,,,,,,,"Tea Plaza",,,,,,,,,,,,,,,,supermarket,,,,,,,,,,,010100002031BF0D00C3F5289403CB69410AD7A35069EF4B41
"POINT(13525714.05 3663553.5)",1771392609,,,,,,,,,,,,,,,,,,,,,,,,,,,,,,,,,,,,,,,"Shanghai World Financial Center",,,,,,,,,,,,,,,,department_store,,,,,,,,,,,010100002031BF0D009A9999415ACC6941000000C060F34B41
"POINT(13523989.47 3662473.71)",1773229279,,,,,,,,,,,,,,,,,,,,,,,,,,,,,,,,,,,,,,,,tree,,,,,,,,,,,,,,,,,,,,,,,,,,010100002031BF0D00713D0AAF82CB6941AE47E1DA44F14B41
"POINT(13524173.22 3662667.31)",1773438955,,,,,,,,cafe,,,,,,,,,,,,,,,,,,,,,,,,,,,,,,,,,,,,,,,,,,,,,,,,,,,,,,,,,,010100002031BF0D00713D0AA799CB69417B14AEA7A5F14B41
"POINT(13524253.24 3663065.02)",1773438956,,,,,,,,fire_station,,,,,,,,,,,,,,,,,,,,,,,,,,,,,,,,,,,,,,,,,,,,,,,,,,,,,,,,,,010100002031BF0D007B14AEA7A3CB6941295C8F826CF24B41
"POINT(13524195.91 3663124.74)",1773438957,,,,,,,,police,,,,,,,,,,,,,,,,,,,,,,,,,,,,,,,,,,,,,,,,,,,,,,,,,,,,,,,,,,010100002031BF0D0052B81E7D9CCB6941EC51B85E8AF24B41
"POINT(13524259.21 3662713.89)",1773438958,,,,,,,,cafe,,,,,,,,,,,,,,,,,,,,,,,,,,,,,,,,,,,,,,,,,,,,,,,,,,,,,,,,,,010100002031BF0D00EC51B866A4CB69411F85EBF1BCF14B41
"POINT(13522721.87 3662125.93)",1774541386,,,,,,,,fast_food,,,,,,,,,,,,,,,,,,,,,,,,,,,,,,,YoBa,,,,,,,,,,,,,,,,,,,,,,,,,,,010100002031BF0D003D0AD73BE4CA6941713D0AF796F04B41
"POINT(13522686.03 3662299.71)",1774541400,,,,,,,,,,,,,,,,,,,,,,,,,,,,,,,,,,,,,,,"Shinesun Digital Plaza",,,,,,,,,,,,,,,,mall,,,,,,,,,,"""name:en""=>""Shinesun Digital Plaza""",010100002031BF0D008FC2F5C0DFCA6941AE47E1DAEDF04B41
"POINT(13522607.21 3662512.5)",1774541411,,,,,,,,,,,,,,,,,,,,,,,,,,,,,,,,,,,,,,,大世界,,,,,,,,,,,subway_entrance,2,,,,,,,,,,,,,,"""name:en""=>""Dashijie""",010100002031BF0D00EC51B8E6D5CA69410000004058F14B41
"POINT(13522606.07 3662270)",1774541414,,,,,,,,,,,,,,,,,,,,,,,,,,,,,,,,,,,,,,,Cybermart,,,,,,,,,,,,,,,,mall,,,,,,,,,,,010100002031BF0D00A4703DC2D5CA694100000000DFF04B41
"POINT(13526657.39 3663397.55)",1777827018,,,,,,,,hospital,,,,,,,,,,,,,,,,,,,,,,,,,,,,,,,,,,,,,,,,,,,,,,,,,,,,,,,,,,010100002031BF0D0048E17A2CD0CC6941666666C612F34B41
"POINT(13525750.08 3663599.9)",1784683427,,,,,,,,,,,,,,,,,,,,,,,,,,,,,,,,,,,,,,,,tree,,,,,,,,,,,,,,,,,,,,,,,,,,010100002031BF0D00295C8FC25ECC6941333333F377F34B41
"POINT(13525796.67 3663583.77)",1784683442,,,,,,,,,,,,,,,,,,,,,,,,,,,,,,,,,,,,,,,,tree,,,,,,,,,,,,,,,,,,,,,,,,,,010100002031BF0D00D7A3709564CC6941295C8FE26FF34B41
"POINT(13525762.63 3663596.34)",1784683445,,,,,,,,,,,,,,,,,,,,,,,,,,,,,,,,,,,,,,,,tree,,,,,,,,,,,,,,,,,,,,,,,,,,010100002031BF0D00C3F5285460CC6941B81E852B76F34B41
"POINT(13525784.72 3663588.55)",1784683451,,,,,,,,,,,,,,,,,,,,,,,,,,,,,,,,,,,,,,,,tree,,,,,,,,,,,,,,,,,,,,,,,,,,010100002031BF0D00713D0A1763CC69416666664672F34B41
"POINT(13525729.79 3663605.9)",1784683452,,,,,,,,,,,,,,,,,,,,,,,,,,,,,,,,,,,,,,,,tree,,,,,,,,,,,,,,,,,,,,,,,,,,010100002031BF0D0014AE47395CCC6941333333F37AF34B41
"POINT(13525695.75 3663617.21)",1784683455,,,,,,,,,,,,,,,,,,,,,,,,,,,,,,,,,,,,,,,,tree,,,,,,,,,,,,,,,,,,,,,,,,,,010100002031BF0D00000000F857CC6941AE47E19A80F34B41
"POINT(13525707.69 3663614.23)",1784683457,,,,,,,,,,,,,,,,,,,,,,,,,,,,,,,,,,,,,,,,tree,,,,,,,,,,,,,,,,,,,,,,,,,,010100002031BF0D00E17A147659CC6941D7A3701D7FF34B41
"POINT(13525773.79 3663592.26)",1784683463,,,,,,,,,,,,,,,,,,,,,,,,,,,,,,,,,,,,,,,,tree,,,,,,,,,,,,,,,,,,,,,,,,,,010100002031BF0D0014AE47B961CC694114AE472174F34B41
"POINT(13524269.44 3661903.18)",1812133572,,,,,,,,hospital,,,,,,,,,,,,,,,,,,,,,,,,,,,,,,,解放军第358医院,,,,,,,,,,,,,,,,,,,,,,,,,,,010100002031BF0D00E17A14AEA5CB6941713D0A9727F04B41
"POINT(13524238.15 3661900.49)",1812138566,,,,,,,,,,,,,,,,,,,,,,,,,,,,,,,,,,,,,,,草包商场,,,,,,,,,,,,,,,,supermarket,,,,,,,,,,,010100002031BF0D00CDCCCCC4A1CB6941EC51B83E26F04B41
"POINT(13524119.73 3663087.96)",1883254800,,,,,,,,,,,,,,,,,,,,,,,,,,,bus_stop,,,,,,,,,,,,中山东二路金陵东路,,,,,,,,,,stop_position,,,,,,,,,,,,,,,,"""name:en""=>""East Zhongshan No. 2 Road East Jinling Road""",010100002031BF0D00F6285CF792CB6941AE47E1FA77F24B41
"POINT(13523804.25 3663491.27)",1887575215,,,,,,,,restaurant,,,,,,,,,,,,,,,,,,,,,,,,,,,,,,,米氏西餐厅,,,,,,,,,,,,,,,,,,,,,,,,,,"""floor""=>""7"", ""name:en""=>""M on the Bund""",010100002031BF0D00000000886BCB6941295C8FA241F34B41
"POINT(13523782.49 3663561.65)",1887575216,,,,,,,,,,,,,,,,,,,,,,,,,,,crossing,,,,,,,,,,,,,,,,,,,,,,,,,,,,,,,,,,,,,,,010100002031BF0D007B14AECF68CB6941333333D364F34B41
"POINT(13523797.68 3663501.41)",1887575218,,,,,,,,bar,,,,,,,,,,,,,,,,,,,,,,,,,,,,,,,魅力上海,,,,,,,,,,,,,,,,,,,,,,,,,,"""floor""=>""6"", ""name:en""=>""Glamour Bar""",010100002031BF0D005C8FC2B56ACB694148E17AB446F34B41
"POINT(13523992.35 3663329.4)",1887593819,,,,,,,,parking,,,,,,,,,,,,,,,,,,,,,,,,,,,,,,,外滩,,,,,,,,,,,,,,,,,,,,,,,,,,"""spaces""=>""400"", ""name:en""=>""The Bund""",010100002031BF0D003333330B83CB6941333333B3F0F24B41
"POINT(13523825.02 3663485.07)",1887596136,,,,,,,,,,,,,,,,,,,,,,,,,,,crossing,,,,,,,,,,,,,,,,,,,,,,,,,,,,,,,,,,,,,,"""crossing""=>""traffic_signals""",010100002031BF0D000AD7A3206ECB69418FC2F5883EF34B41
"POINT(13523930.97 3663318.58)",1888322988,,,,,,,,,,,,,,,,,,,,,,,,,,,traffic_signals,,,,,,,,,,,,,,,,,,,,,,,,,,,,,,,,,,,,,,,010100002031BF0D00713D0A5F7BCB6941A4703D4AEBF24B41
"POINT(13523909.57 3663334.59)",1888323015,,,,,,,,,,,,,,,,,,,,,,,,,,,traffic_signals,,,,,,,,,,,,,,,,,,,,,,,,,,,,,,,,,,,,,,,010100002031BF0D00A4703DB278CB6941B81E854BF3F24B41
"POINT(13523523.62 3663133.38)",1888338492,,,,,,,,,,,,,,,,,,,,,,,,,,,traffic_signals,,,,,,,,,,,,,,,,,,,,,,,,,,,,,,,,,,,,,,,010100002031BF0D003D0AD77348CB69410AD7A3B08EF24B41
"POINT(13523519.66 3663143.68)",1888338501,,,,,,,,,,,,,,,,,,,,,,,,,,,traffic_signals,,,,,,,,,,,,,,,,,,,,,,,,,,,,,,,,,,,,,,,010100002031BF0D0052B81EF547CB6941713D0AD793F24B41
"POINT(13524374.15 3662893.58)",1888393403,,,,,,,,parking,,,,,,,,,,,,,,,,,,,,,,,,,,,,,,,十六铺,,,,,,,,,,,,,,,,,,,,,,,,,,"""name:en""=>""Shiliupu""",010100002031BF0D00CDCCCCC4B2CB6941A4703DCA16F24B41
"POINT(13524247.27 3662972)",1888422978,,,,,,,,,,,,,,,,,,,,,,,,,,,bus_stop,,,,,,,,,,,,,,,,,,,,,,stop_position,,,,,,,,,,,,,,,,,010100002031BF0D000AD7A3E8A2CB6941000000003EF24B41
"POINT(13522960.52 3663068.46)",1889249243,,,,,,,,,,,,,,,,,,,,,,,,,,,traffic_signals,,,,,,,,,,,,,,,,,,,,,,,,,,,,,,,,,,,,,,,010100002031BF0D000AD7A31002CB6941AE47E13A6EF24B41
"POINT(13522962.57 3663015.99)",1889249255,,,,,,,,,,,,,,,,,,,,,,,,,,,traffic_signals,,,,,,,,,,,,,,,,,,,,,,,,,,,,,,,,,,,,,,,010100002031BF0D00A4703D5202CB6941EC51B8FE53F24B41
"POINT(13522922.69 3663083.33)",1889249268,,,,,,,,,,,,,,,,,,,,,,,,,,,traffic_signals,,,,,,,,,,,,,,,,,,,,,,,,,,,,,,,,,,,,,,,010100002031BF0D00E17A1456FDCA6941A4703DAA75F24B41
"POINT(13523340.13 3663023.41)",1889249276,,,,,,,,,,,,,,,,,,,,,,,,,,,traffic_signals,,,,,,,,,,,,,,,,,,,,,,,,,,,,,,,,,,,,,,,010100002031BF0D00C3F5288431CB694148E17AB457F24B41
"POINT(13522967.55 3663057.69)",1889249355,,,,,,,,,,,,,,,,,,,,,,,,,,,traffic_signals,,,,,,,,,,,,,,,,,,,,,,,,,,,,,,,,,,,,,,,010100002031BF0D009A9999F102CB694185EB51D868F24B41
"POINT(13523354.52 3663031.76)",1889255121,,,,,,,,,,,,,,,,,,,,,,,,,,,traffic_signals,,,,,,,,,,,,,,,,,,,,,,,,,,,,,,,,,,,,,,,010100002031BF0D000AD7A35033CB694114AE47E15BF24B41
"POINT(13523347.03 3663050.99)",1889255135,,,,,,,,,,,,,,,,,,,,,,,,,,,traffic_signals,,,,,,,,,,,,,,,,,,,,,,,,,,,,,,,,,,,,,,,010100002031BF0D008FC2F56032CB6941EC51B87E65F24B41
"POINT(13523336.16 3663033.96)",1889255141,,,,,,,,,,,,,,,,,,,,,,,,,,,traffic_signals,,,,,,,,,,,,,,,,,,,,,,,,,,,,,,,,,,,,,,,010100002031BF0D0052B81E0531CB6941AE47E1FA5CF24B41
"POINT(13522420.94 3662723.71)",1890502796,,,,,,,,,,,,,,,,,,,,,,,,,,,,,,,,,,,,,,,,tree,,,,,,,,,,,,,,,,,,,,,,,,,,010100002031BF0D00E17A149EBECA6941AE47E1DAC1F14B41
"POINT(13522410.16 3662710.81)",1890502815,,,,,,,,,,,,,,,,,,,,,,,,,,,,,,,,,,,,,,,,tree,,,,,,,,,,,,,,,,,,,,,,,,,,010100002031BF0D0052B81E45BDCA69417B14AE67BBF14B41
"POINT(13522190.2 3663118.19)",1890502861,,,,,,,,,,,,,,,,,,,,,,,,,,,traffic_signals,,,,,,,,,,,,,,,,,,,,,,,,,,,,,,,,,,,,,,,010100002031BF0D00666666C6A1CA694185EB511887F24B41
"POINT(13522408.21 3662749.11)",1890502904,,,,,,,,,,,,,,,,,,,,,,,,,,,,,,,,,,,,,,,,tree,,,,,,,,,,,,,,,,,,,,,,,,,,010100002031BF0D00EC51B806BDCA6941E17A148ECEF14B41
"POINT(13522175.92 3663111.65)",1890502938,,,,,,,,,,,,,,,,,,,,,,,,,,,traffic_signals,,,,,,,,,,,,,,,,,,,,,,,,,,,,,,,,,,,,,,,010100002031BF0D00D7A370FD9FCA6941333333D383F24B41
"POINT(13521845.81 3662369.67)",1890531922,,,,,,,,,,,,,,,,,,,,,,,,,,,motorway_junction,,,,,,,,,,,,西藏南路,,,,,,,,,,,,,,,,,,,,,,,,,,"""name:en""=>""Xizang Road (South)""",010100002031BF0D001F85EBB976CA69415C8FC2D510F14B41
"POINT(13521841.44 3662727.6)",1890811877,,,,,,,,,,,,,,,,,,,,,,,,,,,,,,,,,,,,,,,,tree,,,,,,,,,,,,,,,,,,,,,,,,,,010100002031BF0D00E17A142E76CA6941CDCCCCCCC3F14B41
"POINT(13521665.21 3662597.38)",1890811942,,,,,,,,,,,,,,,,,,,,,,,,,,,traffic_signals,,,,,,,,,,,,,,,,,,,,,,,,,,,,,,,,,,,,,,,010100002031BF0D00EC51B82660CA69410AD7A3B082F14B41
"POINT(13521693.3 3662606.02)",1890811951,,,,,,,,,,,,,,,,,,,,,,,,,,,traffic_signals,,,,,,,,,,,,,,,,,,,,,,,,,,,,,,,,,,,,,,,010100002031BF0D009A9999A963CA6941295C8F0287F14B41
"POINT(13521815.68 3662589.18)",1890811998,,,,,,,,parking,,,,,,,,,,,,,,,,,,,,,,,,,,,,,,,人民广场,,,,,,,,,,,,,,,,,,,,,,,,,,"""name:en""=>""People's Square""",010100002031BF0D005C8FC2F572CA6941713D0A977EF14B41
"POINT(13521869.21 3662749.72)",1890812070,,,,,,,,,,,,,,,,,,,,,,,,,,,,,,,,,,,,,,,,tree,,,,,,,,,,,,,,,,,,,,,,,,,,010100002031BF0D00EC51B8A679CA6941C3F528DCCEF14B41
"POINT(13522199.33 3662730.44)",1890818629,,,,,,,,parking,,,,,,,,,,,,,,,,,,,,,,,,,,,,,,,人民广场,,,,,,,,,,,,,,,,,,,,,,,,,,"""name:en""=>""People's Square""",010100002031BF0D00295C8FEAA2CA694185EB5138C5F14B41
"POINT(13522049.9 3662552.95)",1890842755,,,,,,,,,,,,,,,,,,,,,,,,,,,crossing,,,,,,,,,,,,,,,,,,,,,,,,,,,,,,,,,,,,,,,010100002031BF0D00CDCCCC3C90CA69419A9999796CF14B41
"POINT(13522030.21 3662557.96)",1890842762,,,,,,,,,,,,,,,,,,,,,,,,,,,crossing,,,,,,,,,,,,,,,,,,,,,,,,,,,,,,,,,,,,,,,010100002031BF0D00EC51B8C68DCA6941AE47E1FA6EF14B41
"POINT(13521741 3662605.4)",1890850187,,,,,,,,,,toll_booth,,,,,,,,,,,,,,,,,,,,,,,,,,,,,,,,,,,,,,,,,,,,,,,,,,,,,,,,010100002031BF0D00000000A069CA6941333333B386F14B41
"POINT(13522190.15 3662756.58)",1890850215,,,,,,,,police,,,,,,,,,,,,,,,,,,,,,,,,,,,,,,,人民广场,,,,,,,,,,,,,,,,,,,,,,,,,,"""name:en""=>""People's Square""",010100002031BF0D00CDCCCCC4A1CA6941A4703D4AD2F14B41
"POINT(13522229.51 3662773.62)",1890850223,,,,,,,,,,toll_booth,,,,,,,,,,,,,,,,,,,,,,,,,,,,,,,,,,,,,,,,,,,,,,,,,,,,,,,,010100002031BF0D0085EB51B0A6CA6941F6285CCFDAF14B41
"POINT(13522220.93 3662832.69)",1890850240,,,,,,,,toilets,,,,,,,,,,,,,,,,,,,,,,,,,,,,,,,,,,,,,,,,,,,,,,,,,,,,,,,,,,010100002031BF0D005C8FC29DA5CA694185EB5158F8F14B41
"POINT(13522159.34 3663001.54)",1890877306,,,,,,,,,,,,,,,,,,,,,,,,,,,,,,,,,,,,,,,,tree,,,,,,,,,,,,,,,,,,,,,,,,,,010100002031BF0D00AE47E1EA9DCA694152B81EC54CF24B41
"POINT(13522130.38 3662958.55)",1890877350,,,,,,,,,,,,,,,,,,,,,,,,,,,,,,,,,,,,,,,,tree,,,,,,,,,,,,,,,,,,,,,,,,,,010100002031BF0D00C3F5284C9ACA69416666664637F24B41
"POINT(13522118.44 3663050.65)",1890935390,,,,,,,,,,,,,,,,,,,,,,,,,,,crossing,,,,,,,,,,,,,,,,,,,,,,,,,,,,,,,,,,,,,,,010100002031BF0D00E17A14CE98CA69413333335365F24B41
"POINT(13522135.16 3663099.17)",1890935402,,,,,,,,,,,,,,,,,,,,,,,,,,,,,,,,,,,,,,,,tree,,,,,,,,,,,,,,,,,,,,,,,,,,010100002031BF0D0052B81EE59ACA69415C8FC2957DF24B41
"POINT(13522115.47 3663084.02)",1890935410,,,,,,,,,,,,,,,,,,,,,,,,,,,,,,,,,,,,,,,人民广场地铁站出口2,,,,,,,,,,,subway_entrance,2,,,,,,,,,,,,,,"""name:en""=>""People's Park exit 2""",010100002031BF0D00713D0A6F98CA6941295C8F0276F24B41
"POINT(13522231.97 3662676.77)",1891590920,,,,,,,,,,,,,,,,,,,,,,,,,,,crossing,,,,,,,,,,,,,,,,,,,,,,,,,,,,,,,,,,,,,,,010100002031BF0D00713D0AFFA6CA6941295C8F62AAF14B41
"POINT(13522397.29 3662742.48)",1891590934,,,,,,,,,,,,,,,,,,,,,,,,,,,traffic_signals,,,,,,,,,,,,,,,,,,,,,,,,,,,,,,,,,,,,,,,010100002031BF0D0014AE47A9BBCA6941D7A3703DCBF14B41
"POINT(13522278.65 3662905.81)",1891590954,,,,,,,,,,,,,,,,,,,,,,,,,,,crossing,,,,,,,,,,,,,,,,,,,,,,,,,,,,,,,,,,,,,,,010100002031BF0D00CDCCCCD4ACCA69417B14AEE71CF24B41
"POINT(13521677.37 3662703.78)",1928795219,,,,,,,,,,,,,,,,,,,,,,,,,,,,,,,,,,,,,,,,tree,,,,,,,,,,,,,,,,,,,,,,,,,,010100002031BF0D003D0AD7AB61CA69413D0AD7E3B7F14B41
"POINT(13521687.21 3662711.33)",1928795220,,,,,,,,,,,,,,,,,,,,,,,,,,,,,,,,,,,,,,,,tree,,,,,,,,,,,,,,,,,,,,,,,,,,010100002031BF0D00EC51B8E662CA6941A4703DAABBF14B41
"POINT(13521697.06 3662718.87)",1928795221,,,,,,,,,,,,,,,,,,,,,,,,,,,,,,,,,,,,,,,,tree,,,,,,,,,,,,,,,,,,,,,,,,,,010100002031BF0D001F85EB2164CA6941F6285C6FBFF14B41
"POINT(13521706.9 3662726.42)",1928795222,,,,,,,,,,,,,,,,,,,,,,,,,,,,,,,,,,,,,,,,tree,,,,,,,,,,,,,,,,,,,,,,,,,,010100002031BF0D00CDCCCC5C65CA69415C8FC235C3F14B41
"POINT(13521716.74 3662733.96)",1928795224,,,,,,,,,,,,,,,,,,,,,,,,,,,,,,,,,,,,,,,,tree,,,,,,,,,,,,,,,,,,,,,,,,,,010100002031BF0D007B14AE9766CA6941AE47E1FAC6F14B41
"POINT(13521726.58 3662741.51)",1928795225,,,,,,,,,,,,,,,,,,,,,,,,,,,,,,,,,,,,,,,,tree,,,,,,,,,,,,,,,,,,,,,,,,,,010100002031BF0D00295C8FD267CA694114AE47C1CAF14B41
"POINT(13521734.49 3662746.92)",1928795226,,,,,,,,,,,,,,,,,,,,,,,,,,,,,,,,,,,,,,,,tree,,,,,,,,,,,,,,,,,,,,,,,,,,010100002031BF0D007B14AECF68CA69415C8FC275CDF14B41
"POINT(13521741.92 3662752.9)",1928795227,,,,,,,,,,,,,,,,,,,,,,,,,,,,,,,,,,,,,,,,tree,,,,,,,,,,,,,,,,,,,,,,,,,,010100002031BF0D00D7A370BD69CA694133333373D0F14B41
"POINT(13521748.16 3662757.79)",1928795230,,,,,,,,,,,,,,,,,,,,,,,,,,,,,,,,,,,,,,,,tree,,,,,,,,,,,,,,,,,,,,,,,,,,010100002031BF0D0052B81E856ACA694152B81EE5D2F14B41
"POINT(13521756.12 3662764.13)",1928795231,,,,,,,,,,,,,,,,,,,,,,,,,,,,,,,,,,,,,,,,tree,,,,,,,,,,,,,,,,,,,,,,,,,,010100002031BF0D003D0AD7836BCA69410AD7A310D6F14B41
"POINT(13521765.96 3662771.68)",1928795232,,,,,,,,,,,,,,,,,,,,,,,,,,,,,,,,,,,,,,,,tree,,,,,,,,,,,,,,,,,,,,,,,,,,010100002031BF0D00EC51B8BE6CCA6941713D0AD7D9F14B41
"POINT(13521775.8 3662779.22)",1928795233,,,,,,,,,,,,,,,,,,,,,,,,,,,,,,,,,,,,,,,,tree,,,,,,,,,,,,,,,,,,,,,,,,,,010100002031BF0D009A9999F96DCA6941C3F5289CDDF14B41
"POINT(13521785.64 3662786.76)",1928795234,,,,,,,,,,,,,,,,,,,,,,,,,,,,,,,,,,,,,,,,tree,,,,,,,,,,,,,,,,,,,,,,,,,,010100002031BF0D0048E17A346FCA694114AE4761E1F14B41
"POINT(13521795.49 3662794.31)",1928795235,,,,,,,,,,,,,,,,,,,,,,,,,,,,,,,,,,,,,,,,tree,,,,,,,,,,,,,,,,,,,,,,,,,,010100002031BF0D007B14AE6F70CA69417B14AE27E5F14B41
"POINT(13521855.24 3662799.53)",1928795237,,,,,,,,,,,,,,,,,,,,,,,,,,,,,,,,,,,,,,,,tree,,,,,,,,,,,,,,,,,,,,,,,,,,010100002031BF0D007B14AEE777CA69413D0AD7C3E7F14B41
"POINT(13521865.05 3662807.07)",1928795238,,,,,,,,,,,,,,,,,,,,,,,,,,,,,,,,,,,,,,,,tree,,,,,,,,,,,,,,,,,,,,,,,,,,010100002031BF0D009A99992179CA69418FC2F588EBF14B41
"POINT(13521811.92 3662807.11)",1928795239,,,,,,,,,,,,,,,,,,,,,,,,,,,,,,,,,,,,,,,,tree,,,,,,,,,,,,,,,,,,,,,,,,,,010100002031BF0D00D7A3707D72CA6941E17A148EEBF14B41
"POINT(13521874.87 3662814.59)",1928795240,,,,,,,,,,,,,,,,,,,,,,,,,,,,,,,,,,,,,,,,tree,,,,,,,,,,,,,,,,,,,,,,,,,,010100002031BF0D003D0AD75B7ACA6941B81E854BEFF14B41
"POINT(13521821.76 3662814.66)",1928795241,,,,,,,,,,,,,,,,,,,,,,,,,,,,,,,,,,,,,,,,tree,,,,,,,,,,,,,,,,,,,,,,,,,,010100002031BF0D0085EB51B873CA694148E17A54EFF14B41
"POINT(13521994.11 3663388.26)",1928818273,,,,,,,,,,,,,,,,,,,,,,,,,,,crossing,,,,,,,,,,,,,,,,,,,,,,,,,,,,,,,,,,,,,,,010100002031BF0D00B81E854389CA694114AE47210EF34B41
"POINT(13522085.63 3663232.72)",1990174510,,,,,,,,,,,,,,,,,,,,,,,,,,,,,,,,,,,,,,,人民广场地铁站出口16,,,,,,,,,,,subway_entrance,16,,,,,,,,,,,,,,"""name:en""=>""People's Park exit 16""",010100002031BF0D00C3F528B494CA6941C3F5285CC0F24B41
"POINT(13522136.36 3663300.76)",1990203580,,,,,,,,,,,,,,,,,,,,,,,,,,,,,,,,,,,,,,,人民广场地铁站出口14,,,,,,,,,,,subway_entrance,14,,,,,,,,,,,,,,"""name:en""=>""People's Park exit 14""",010100002031BF0D00B81E850B9BCA694114AE4761E2F24B41
"POINT(13521990.13 3663274.12)",1990203594,,,,,,,,,,,,,,,,,,,,,,,,,,,,,,,,,,,,,,,人民广场地铁站出口17,,,,,,,,,,,subway_entrance,17,,,,,,,,,,,,,,"""name:en""=>""People's Park exit 17""",010100002031BF0D00C3F528C488CA6941F6285C0FD5F24B41
"POINT(13521906.02 3663299.21)",1990203597,,,,,,,,,,,,,,,,,,,,,,,,,,,,,,,,,,,,,,,人民广场地铁站出口18,,,,,,,,,,,subway_entrance,18,,,,,,,,,,,,,,"""name:en""=>""People's Park exit 18""",010100002031BF0D000AD7A3407ECA6941AE47E19AE1F24B41
"POINT(13521971.89 3663436.73)",1990203599,,,,,,,,,,,,,,,,,,,,,,,,,,,,,,,,,,,,,,,人民广场地铁站出口19,,,,,,,,,,,subway_entrance,19,,,,,,,,,,,,,,"""name:en""=>""People's Park exit 19""",010100002031BF0D0048E17A7C86CA6941D7A3705D26F34B41
"POINT(13521750.53 3663375.89)",1990203600,,,,,,,,,,,,,,,,,,,,,,,,,,,,,,,,,,,,,,,人民广场地铁站出口8,,,,,,,,,,,subway_entrance,8,,,,,,,,,,,,,,"""name:en""=>""People's Park exit 8""",010100002031BF0D008FC2F5D06ACA69411F85EBF107F34B41
"POINT(13525369.62 3663516.09)",1993253276,,,,,,,,,,,,,,,,,,,,,,,,,,,crossing,,,,,,,,,,,,,,,,,,,,,,,,,,,,,,,,,,,,,,,010100002031BF0D003D0AD7332FCC6941B81E850B4EF34B41
"POINT(13525745.01 3660946.17)",2001675374,,,,,,,,ferry_terminal,,,,,,,,,,,,,,,,,,,,,,,,,,,,,,,,,,,,,,,,,,,,,,,,,,,,,,,,,,010100002031BF0D0085EB51205ECC69415C8FC21549EE4B41
"POINT(13525977.53 3661830.21)",2001675464,,,,,,,,,,,,,,,,,,,,,,,,,,,,,,,,,,,,chimney,,,"old chimney",,,,,,,,,,,,,,,,,,,,,,,,,,,010100002031BF0D008FC2F5307BCC6941AE47E11A03F04B41
"POINT(13521832.6 3661963)",2049780802,,,,,,,,,,,,,,,,,,,,,,,,,,,crossing,,,,,,,,,,,,,,,,,,,,,,,,,,,,,,,,,,,,,,,010100002031BF0D003333331375CA69410000008045F04B41
"POINT(13521982.85 3662030.25)",2049780804,,,,,,,,,,,,,,,,,,,,,,,,,,,crossing,,,,,,,,,,,,,,,,,,,,,,,,,,,,,,,,,,,,,,,010100002031BF0D00333333DB87CA69410000002067F04B41
"POINT(13521851.76 3661958.68)",2049780805,,,,,,,,,,,,,,,,,,,,,,,,,,,crossing,,,,,,,,,,,,,,,,,,,,,,,,,,,,,,,,,,,,,,,010100002031BF0D0085EB517877CA6941713D0A5743F04B41
"POINT(13521891.49 3662155.53)",2049780806,,,,,,,,,,,,,,,,,,,,,,,,,,,crossing,,,,,,,,,,,,,,,,,,,,,,,,,,,,,,,,,,,,,,,010100002031BF0D007B14AE6F7CCA69413D0AD7C3A5F04B41
"POINT(13521917.72 3662140.74)",2049780807,,,,,,,,,,,,,,,,,,,,,,,,,,,crossing,,,,,,,,,,,,,,,,,,,,,,,,,,,,,,,,,,,,,,,010100002031BF0D00713D0AB77FCA6941EC51B85E9EF04B41
"POINT(13521894.45 3661845.7)",2049780809,,,,,,,,,,,,,,,,,,,,,,,,,,,crossing,,,,,,,,,,,,,,,,,,,,,,,,,,,,,,,,,,,,,,,010100002031BF0D00666666CE7CCA69419A9999D90AF04B41
"POINT(13521878.97 3661852.01)",2049780810,,,,,,,,,,,,,,,,,,,,,,,,,,,crossing,,,,,,,,,,,,,,,,,,,,,,,,,,,,,,,,,,,,,,,010100002031BF0D00713D0ADF7ACA694114AE47010EF04B41
"POINT(13522476.24 3661556.29)",2049780811,,,,,,,,,,,,,,,,,,,,,,,,,,,crossing,,,,,,,,,,,,,,,,,,,,,,,,,,,,,,,,,,,,,,,010100002031BF0D007B14AE87C5CA694152B81E257AEF4B41
"POINT(13522304.48 3661620)",2049780812,,,,,,,,,,,,,,,,,,,,,,,,,,,crossing,,,,,,,,,,,,,,,,,,,,,,,,,,,,,,,,,,,,,,,010100002031BF0D00F6285C0FB0CA6941000000009AEF4B41
"POINT(13522112.94 3661941.92)",2049780814,,,,,,,,,,,,,,,,,,,,,,,,,,,crossing,,,,,,,,,,,,,,,,,,,,,,,,,,,,,,,,,,,,,,,010100002031BF0D00E17A141E98CA69415C8FC2F53AF04B41
"POINT(13521887.03 3661863.08)",2049780815,,,,,,,,,,,,,,,,,,,,,,,,,,,crossing,,,,,,,,,,,,,,,,,,,,,,,,,,,,,,,,,,,,,,,010100002031BF0D008FC2F5E07BCA6941A4703D8A13F04B41
"POINT(13522032.6 3661911.72)",2049780816,,,,,,,,,,,,,,,,,,,,,,,,,,,crossing,,,,,,,,,,,,,,,,,,,,,,,,,,,,,,,,,,,,,,,010100002031BF0D00333333138ECA6941C3F528DC2BF04B41
"POINT(13522069.94 3662087.41)",2049780817,,,,,,,,,,,,,,,,,,,,,,,,,,,crossing,,,,,,,,,,,,,,,,,,,,,,,,,,,,,,,,,,,,,,,010100002031BF0D00E17A14BE92CA694148E17AB483F04B41
"POINT(13521973.75 3662007)",2049780818,,,,,,,,,,,,,,,,,,,,,,,,,,,crossing,,,,,,,,,,,,,,,,,,,,,,,,,,,,,,,,,,,,,,,010100002031BF0D00000000B886CA6941000000805BF04B41
"POINT(13522136.6 3661442.75)",2049780820,,,,,,,,,,,,,,,,,,,,,,,,,,,crossing,,,,,,,,,,,,,,,,,,,,,,,,,,,,,,,,,,,,,,,010100002031BF0D00333333139BCA69410000006041EF4B41
"POINT(13522041.02 3661814.81)",2049780821,,,,,,,,,,,,,,,,,,,,,,,,,,,crossing,,,,,,,,,,,,,,,,,,,,,,,,,,,,,,,,,,,,,,,010100002031BF0D000AD7A3208FCA69417B14AE67FBEF4B41
"POINT(13522460.42 3661560.86)",2049780825,,,,,,,,,,,,,,,,,,,,,,,,,,,crossing,,,,,,,,,,,,,,,,,,,,,,,,,,,,,,,,,,,,,,,010100002031BF0D00D7A3708DC3CA6941E17A146E7CEF4B41
"POINT(13522369.93 3661476.75)",2049780826,,,,,,,,,,,,,,,,,,,,,,,,,,,crossing,,,,,,,,,,,,,,,,,,,,,,,,,,,,,,,,,,,,,,,010100002031BF0D005C8FC23DB8CA69410000006052EF4B41
"POINT(13522250.43 3661752.77)",2049780827,,,,,,,,,,,,,,,,,,,,,,,,,,,crossing,,,,,,,,,,,,,,,,,,,,,,,,,,,,,,,,,,,,,,,010100002031BF0D005C8FC24DA9CA6941295C8F62DCEF4B41
"POINT(13522467.15 3661536.26)",2049780828,,,,,,,,,,,,,,,,,,,,,,,,,,,crossing,,,,,,,,,,,,,,,,,,,,,,,,,,,,,,,,,,,,,,,010100002031BF0D00CDCCCC64C4CA694114AE472170EF4B41
"POINT(13522017.81 3662188.7)",2049780829,,,,,,,,,,,,,,,,,,,,,,,,,,,crossing,,,,,,,,,,,,,,,,,,,,,,,,,,,,,,,,,,,,,,,010100002031BF0D001F85EB398CCA69419A999959B6F04B41
"POINT(13522147.99 3661841.04)",2049780830,,,,,,,,,,,,,,,,,,,,,,,,,,,crossing,,,,,,,,,,,,,,,,,,,,,,,,,,,,,,,,,,,,,,,010100002031BF0D007B14AE7F9CCA694152B81E8508F04B41
"POINT(13521842.81 3661980.96)",2049780831,,,,,,,,,,,,,,,,,,,,,,,,,,,crossing,,,,,,,,,,,,,,,,,,,,,,,,,,,,,,,,,,,,,,,010100002031BF0D001F85EB5976CA6941AE47E17A4EF04B41
"POINT(13522016.49 3661914.9)",2049780832,,,,,,,,,,,,,,,,,,,,,,,,,,,crossing,,,,,,,,,,,,,,,,,,,,,,,,,,,,,,,,,,,,,,,010100002031BF0D007B14AE0F8CCA6941333333732DF04B41
"POINT(13522249.14 3661840.23)",2049780833,,,,,,,,,,,,,,,,,,,,,,,,,,,crossing,,,,,,,,,,,,,,,,,,,,,,,,,,,,,,,,,,,,,,,010100002031BF0D0048E17A24A9CA6941D7A3701D08F04B41
"POINT(13522155.17 3661854.48)",2049780834,,,,,,,,,,,,,,,,,,,,,,,,,,,crossing,,,,,,,,,,,,,,,,,,,,,,,,,,,,,,,,,,,,,,,010100002031BF0D00D7A370659DCA6941D7A3703D0FF04B41
"POINT(13522356.68 3661486.12)",2049780835,,,,,,,,,,,,,,,,,,,,,,,,,,,crossing,,,,,,,,,,,,,,,,,,,,,,,,,,,,,,,,,,,,,,,010100002031BF0D005C8FC295B6CA6941F6285C0F57EF4B41
"POINT(13522052.73 3661829.33)",2049780837,,,,,,,,,,,,,,,,,,,,,,,,,,,crossing,,,,,,,,,,,,,,,,,,,,,,,,,,,,,,,,,,,,,,,010100002031BF0D00F6285C9790CA6941A4703DAA02F04B41
"POINT(13521900.32 3661859.09)",2049780838,,,,,,,,,,,,,,,,,,,,,,,,,,,crossing,,,,,,,,,,,,,,,,,,,,,,,,,,,,,,,,,,,,,,,010100002031BF0D00A4703D8A7DCA6941B81E858B11F04B41
"POINT(13522259.4 3661767.16)",2049780839,,,,,,,,,,,,,,,,,,,,,,,,,,,crossing,,,,,,,,,,,,,,,,,,,,,,,,,,,,,,,,,,,,,,,010100002031BF0D00CDCCCC6CAACA694148E17A94E3EF4B41
"POINT(13522126.51 3661934.88)",2049780843,,,,,,,,,,,,,,,,,,,,,,,,,,,crossing,,,,,,,,,,,,,,,,,,,,,,,,,,,,,,,,,,,,,,,010100002031BF0D0085EB51D099CA69410AD7A37037F04B41
"POINT(13522235.18 3661825.72)",2049780844,,,,,,,,,,,,,,,,,,,,,,,,,,,crossing,,,,,,,,,,,,,,,,,,,,,,,,,,,,,,,,,,,,,,,010100002031BF0D005C8FC265A7CA6941C3F528DC00F04B41
"POINT(13521952.19 3662015.9)",2049780845,,,,,,,,,,,,,,,,,,,,,,,,,,,crossing,,,,,,,,,,,,,,,,,,,,,,,,,,,,,,,,,,,,,,,010100002031BF0D00E17A140684CA6941333333F35FF04B41
"POINT(13522042.55 3662196.59)",2049780847,,,,,,,,,,,,,,,,,,,,,,,,,,,crossing,,,,,,,,,,,,,,,,,,,,,,,,,,,,,,,,,,,,,,,010100002031BF0D009A9999518FCA6941B81E854BBAF04B41
"POINT(13522117.7 3661956.63)",2049780848,,,,,,,,,,,,,,,,,,,,,,,,,,,crossing,,,,,,,,,,,,,,,,,,,,,,,,,,,,,,,,,,,,,,,010100002031BF0D00666666B698CA69410AD7A35042F04B41
"POINT(13522450.52 3661636.69)",2049780851,,,,,,,,,,,,,,,,,,,,,,,,,,,crossing,,,,,,,,,,,,,,,,,,,,,,,,,,,,,,,,,,,,,,,010100002031BF0D000AD7A350C2CA694185EB5158A2EF4B41
"POINT(13521856.1 3662243.83)",2049780854,,,,,,,,,,,,,,,,,,,,,,,,,,,crossing,,,,,,,,,,,,,,,,,,,,,,,,,,,,,,,,,,,,,,,010100002031BF0D003333330378CA6941A4703DEAD1F04B41
"POINT(13522435.39 3661645.71)",2049780855,,,,,,,,,,,,,,,,,,,,,,,,,,,crossing,,,,,,,,,,,,,,,,,,,,,,,,,,,,,,,,,,,,,,,010100002031BF0D0048E17A6CC0CA6941AE47E1DAA6EF4B41
"POINT(13521922.59 3661773.66)",2049780856,,,,,,,,,,,,,,,,,,,,,,,,,,,crossing,,,,,,,,,,,,,,,,,,,,,,,,,,,,,,,,,,,,,,,010100002031BF0D00AE47E15280CA694148E17AD4E6EF4B41
"POINT(13522149.62 3661432.96)",2049780857,,,,,,,,,,,,,,,,,,,,,,,,,,,crossing,,,,,,,,,,,,,,,,,,,,,,,,,,,,,,,,,,,,,,,010100002031BF0D003D0AD7B39CCA6941AE47E17A3CEF4B41
"POINT(13521929.66 3662166.44)",2049780858,,,,,,,,,,,,,,,,,,,,,,,,,,,crossing,,,,,,,,,,,,,,,,,,,,,,,,,,,,,,,,,,,,,,,010100002031BF0D0052B81E3581CA694185EB5138ABF04B41
"POINT(13522024.03 3661897.82)",2049780860,,,,,,,,,,,,,,,,,,,,,,,,,,,crossing,,,,,,,,,,,,,,,,,,,,,,,,,,,,,,,,,,,,,,,010100002031BF0D008FC2F5008DCA69418FC2F5E824F04B41
"POINT(13521929.91 3661754.21)",2049780861,,,,,,,,,,,,,,,,,,,,,,,,,,,crossing,,,,,,,,,,,,,,,,,,,,,,,,,,,,,,,,,,,,,,,010100002031BF0D0052B81E3D81CA6941AE47E11ADDEF4B41
"POINT(13522127.03 3661427.15)",2049780862,,,,,,,,,,,,,,,,,,,,,,,,,,,crossing,,,,,,,,,,,,,,,,,,,,,,,,,,,,,,,,,,,,,,,010100002031BF0D008FC2F5E099CA69413333339339EF4B41
"POINT(13521916.79 3661758.81)",2049780864,,,,,,,,,,,,,,,,,,,,,,,,,,,crossing,,,,,,,,,,,,,,,,,,,,,,,,,,,,,,,,,,,,,,,010100002031BF0D0014AE47997FCA69417B14AE67DFEF4B41
"POINT(13522427.99 3661623.92)",2049780865,,,,,,,,,,,,,,,,,,,,,,,,,,,crossing,,,,,,,,,,,,,,,,,,,,,,,,,,,,,,,,,,,,,,,010100002031BF0D007B14AE7FBFCA69415C8FC2F59BEF4B41
"POINT(13522142.57 3661415.45)",2049780866,,,,,,,,,,,,,,,,,,,,,,,,,,,crossing,,,,,,,,,,,,,,,,,,,,,,,,,,,,,,,,,,,,,,,010100002031BF0D00A4703DD29BCA69419A9999B933EF4B41
"POINT(13522444.64 3661613.82)",2049780867,,,,,,,,,,,,,,,,,,,,,,,,,,,crossing,,,,,,,,,,,,,,,,,,,,,,,,,,,,,,,,,,,,,,,010100002031BF0D0048E17A94C1CA69418FC2F5E896EF4B41
"POINT(13521854.08 3661973.35)",2049780868,,,,,,,,,,,,,,,,,,,,,,,,,,,crossing,,,,,,,,,,,,,,,,,,,,,,,,,,,,,,,,,,,,,,,010100002031BF0D00295C8FC277CA6941CDCCCCAC4AF04B41
"POINT(13522059.68 3661806.92)",2049780869,,,,,,,,,,,,,,,,,,,,,,,,,,,crossing,,,,,,,,,,,,,,,,,,,,,,,,,,,,,,,,,,,,,,,010100002031BF0D005C8FC27591CA69415C8FC275F7EF4B41
"POINT(13521208.13 3662141.41)",2049780870,,,,,,,,,,,,,,,,,,,,,,,,,,,crossing,,,,,,,,,,,,,,,,,,,,,,,,,,,,,,,,,,,,,,,010100002031BF0D00C3F5280427CA694148E17AB49EF04B41
"POINT(13521938.85 3661769.83)",2049780871,,,,,,,,,,,,,,,,,,,,,,,,,,,crossing,,,,,,,,,,,,,,,,,,,,,,,,,,,,,,,,,,,,,,,010100002031BF0D003333335B82CA6941A4703DEAE4EF4B41
"POINT(13521832.65 3662158.98)",2049780872,,,,,,,,,,,,,,,,,,,,,,,,,,,crossing,,,,,,,,,,,,,,,,,,,,,,,,,,,,,,,,,,,,,,,010100002031BF0D00CDCCCC1475CA6941D7A3707DA7F04B41
"POINT(13522006.74 3661901.11)",2049780874,,,,,,,,,,,,,,,,,,,,,,,,,,,crossing,,,,,,,,,,,,,,,,,,,,,,,,,,,,,,,,,,,,,,,010100002031BF0D007B14AED78ACA6941E17A148E26F04B41
"POINT(13522069.14 3661822.55)",2049780875,,,,,,,,,,,,,,,,,,,,,,,,,,,crossing,,,,,,,,,,,,,,,,,,,,,,,,,,,,,,,,,,,,,,,010100002031BF0D0048E17AA492CA694166666646FFEF4B41
"POINT(13521902.62 3662177.34)",2049780876,,,,,,,,,,,,,,,,,,,,,,,,,,,crossing,,,,,,,,,,,,,,,,,,,,,,,,,,,,,,,,,,,,,,,010100002031BF0D003D0AD7D37DCA6941B81E85ABB0F04B41
"POINT(13521961.3 3662035.63)",2049780879,,,,,,,,,,,,,,,,,,,,,,,,,,,crossing,,,,,,,,,,,,,,,,,,,,,,,,,,,,,,,,,,,,,,,010100002031BF0D009A99992985CA69410AD7A3D069F04B41
"POINT(13523931.66 3662912.57)",2110725610,,,,,,,,,,,,,,,,,,,,,,,,,,,,,,,,,,,,,,,"Oriental Bund Hotel",,,,,,,,,,,,,,,,,,,,hotel,,,,,,,010100002031BF0D0052B81E757BCB69418FC2F54820F24B41
"POINT(13521309.06 3660751.1)",2151697014,,,,,,,,hospital,,,,,,,,,,,,,,,,,,,,,,,,,,,,,,,"Ruijin Hospital Nr.2",,,,,,,,,,,,,,,,,,,,,,,,,,,010100002031BF0D001F85EBA133CA6941CDCCCC8CE7ED4B41
"POINT(13524212.57 3662026.32)",2231840305,,,,,,,,,,,,,,,yes,,,,,,,,,,,,,,,,,,,,,,,,,,,,,,,,,,,,,,,,,,,,,,,,,,,010100002031BF0D00A4703D929ECB69418FC2F52865F04B41
"POINT(13523795.6 3663039.15)",2345419577,,,,,,,,post_office,,,,,,,,,,,,,,,,,,,,,,,,,,,,,,,"China Post",,,,,,,,,,,,,,,,,,,,,,,,,,,010100002031BF0D00333333736ACB6941333333935FF24B41
"POINT(13523809.89 3663231.48)",2367497382,,,,,,,,restaurant,,,,,,,,,,,,,,,,,,,,,,,,,,,,,,,"Next Heaven",,,,,,,,,,,,,,,,,,,,,,,,,,"""cuisine""=>""chinese""",010100002031BF0D0048E17A3C6CCB6941D7A370BDBFF24B41
"POINT(13522504.82 3663612.19)",2367498375,,,,,,,,pub,,,,,,,,,,,,,,,,,,,,,,,,,,,,,,,,,,,,,,,,,,,,,,,,,,,,,,,,,,010100002031BF0D00A4703D1AC9CA694185EB51187EF34B41
"POINT(13524817.88 3660580.05)",2401741205,,,,,,,,,,,,,,,,,,,,,,,,,,,,,,,,,,,,,,,"Hotel Rayfont South Bund",,,,,,,,,,,,,,,,,,,,hotel,,,,,,,010100002031BF0D00C3F5283CEACB69416666660692ED4B41
"POINT(13523865.91 3662467.74)",2485006011,,,85,,,,,restaurant,,,,,,,,,,,,,,,,,,,,,,,,,,,,,,,"Nanxiang Mantou Dian",,,,,,,,,,,,,,,,,,,,,,,,,,"""cuisine""=>""chinese"", ""name:en""=>""Nanxiang Steamed Bun Restaurant"", ""wikipedia""=>""en:Nanxiang Steamed Bun Restaurant"", ""addr:street""=>""Yu Yuan Road""",010100002031BF0D0052B81E3D73CB6941EC51B8DE41F14B41
"POINT(13521639.26 3662024.63)",2558924354,,,,,,,,,,,,,,,,,,,,,,,,,,,,,,,,,,park,,,,,y,,,,,,,,,,,,,,,,,,,,,,,,,,,010100002031BF0D0085EB51E85CCA69410AD7A35064F04B41
